cve,cvss_v3_base,cvss_v3_severity,cvss_v2_base,last_fetched
CVE-2026-20122,5.4,MEDIUM,NA,2026-04-20
CVE-2026-20133,6.5,MEDIUM,NA,2026-04-20
CVE-2025-2749,7.2,HIGH,NA,2026-04-20
CVE-2023-27351,7.5,HIGH,NA,2026-04-20
CVE-2025-48700,6.1,MEDIUM,NA,2026-04-20
CVE-2026-20128,7.5,HIGH,NA,2026-04-20
CVE-2025-32975,10,CRITICAL,NA,2026-04-20
CVE-2024-27199,7.3,HIGH,NA,2026-04-20
CVE-2026-34197,8.8,HIGH,NA,2026-04-20
CVE-2009-0238,8.8,HIGH,9.3,2026-04-20
CVE-2026-32201,NA,NA,NA,2026-04-20
CVE-2012-1854,NA,NA,NA,2026-04-20
CVE-2025-60710,NA,NA,NA,2026-04-20
CVE-2023-21529,NA,NA,NA,2026-04-20
CVE-2023-36424,NA,NA,NA,2026-04-20
CVE-2020-9715,NA,NA,NA,2026-04-20
CVE-2026-21643,NA,NA,NA,2026-04-20
CVE-2026-34621,NA,NA,NA,2026-04-20
CVE-2026-1340,NA,NA,NA,2026-04-20
CVE-2026-35616,NA,NA,NA,2026-04-20
CVE-2026-3502,NA,NA,NA,2026-04-20
CVE-2026-5281,NA,NA,NA,2026-04-20
CVE-2026-3055,NA,NA,NA,2026-04-20
CVE-2025-53521,NA,NA,NA,2026-04-20
CVE-2026-33634,NA,NA,NA,2026-04-20
CVE-2026-33017,NA,NA,NA,2026-04-20
CVE-2025-32432,NA,NA,NA,2026-04-20
CVE-2025-54068,NA,NA,NA,2026-04-20
CVE-2025-43510,NA,NA,NA,2026-04-20
CVE-2025-43520,NA,NA,NA,2026-04-20
CVE-2025-31277,NA,NA,NA,2026-04-20
CVE-2026-20131,NA,NA,NA,2026-04-20
CVE-2025-66376,NA,NA,NA,2026-04-20
CVE-2026-20963,NA,NA,NA,2026-04-20
CVE-2025-47813,4.3,MEDIUM,NA,2026-04-20
CVE-2026-3910,NA,NA,NA,2026-04-20
CVE-2026-3909,NA,NA,NA,2026-04-20
CVE-2025-68613,NA,NA,NA,2026-04-20
CVE-2021-22054,NA,NA,NA,2026-04-20
CVE-2025-26399,9.8,CRITICAL,NA,2026-04-20
CVE-2026-1603,NA,NA,NA,2026-04-20
CVE-2017-7921,NA,NA,NA,2026-04-20
CVE-2021-22681,9.8,CRITICAL,7.5,2026-04-20
CVE-2023-43000,NA,NA,NA,2026-04-20
CVE-2021-30952,NA,NA,NA,2026-04-20
CVE-2023-41974,NA,NA,NA,2026-04-20
CVE-2026-22719,NA,NA,NA,2026-04-20
CVE-2026-21385,NA,NA,NA,2026-04-20
CVE-2022-20775,NA,NA,NA,2026-04-20
CVE-2026-20127,10,CRITICAL,NA,2026-04-20
CVE-2026-25108,NA,NA,NA,2026-04-20
CVE-2025-49113,NA,NA,NA,2026-04-20
CVE-2025-68461,NA,NA,NA,2026-04-20
CVE-2021-22175,NA,NA,NA,2026-04-20
CVE-2026-22769,NA,NA,NA,2026-04-20
CVE-2020-7796,NA,NA,NA,2026-04-20
CVE-2024-7694,7.2,HIGH,NA,2026-04-20
CVE-2008-0015,NA,NA,NA,2026-04-20
CVE-2026-2441,NA,NA,NA,2026-04-20
CVE-2026-1731,NA,NA,NA,2026-04-20
CVE-2026-20700,NA,NA,NA,2026-04-20
CVE-2024-43468,NA,NA,NA,2026-04-20
CVE-2025-15556,NA,NA,NA,2026-04-20
CVE-2025-40536,NA,NA,NA,2026-04-20
CVE-2026-21513,8.8,HIGH,NA,2026-04-20
CVE-2026-21525,NA,NA,NA,2026-04-20
CVE-2026-21510,NA,NA,NA,2026-04-20
CVE-2026-21533,NA,NA,NA,2026-04-20
CVE-2026-21519,NA,NA,NA,2026-04-20
CVE-2026-21514,NA,NA,NA,2026-04-20
CVE-2025-11953,NA,NA,NA,2026-04-20
CVE-2026-24423,9.8,CRITICAL,NA,2026-04-20
CVE-2021-39935,NA,NA,NA,2026-04-20
CVE-2025-64328,NA,NA,NA,2026-04-20
CVE-2019-19006,NA,NA,NA,2026-04-20
CVE-2025-40551,NA,NA,NA,2026-04-20
CVE-2026-1281,NA,NA,NA,2026-04-20
CVE-2026-24858,NA,NA,NA,2026-04-20
CVE-2018-14634,NA,NA,NA,2026-04-20
CVE-2025-52691,10,CRITICAL,NA,2026-04-20
CVE-2026-23760,NA,NA,NA,2026-04-20
CVE-2026-24061,NA,NA,NA,2026-04-20
CVE-2026-21509,NA,NA,NA,2026-04-20
CVE-2024-37079,NA,NA,NA,2026-04-20
CVE-2025-68645,NA,NA,NA,2026-04-20
CVE-2025-34026,NA,NA,NA,2026-04-20
CVE-2025-31125,5.3,MEDIUM,NA,2026-04-20
CVE-2025-54313,NA,NA,NA,2026-04-20
CVE-2026-20045,NA,NA,NA,2026-04-20
CVE-2026-20805,NA,NA,NA,2026-04-20
CVE-2025-8110,NA,NA,NA,2026-04-20
CVE-2009-0556,NA,NA,NA,2026-04-20
CVE-2025-37164,NA,NA,NA,2026-04-20
CVE-2025-14847,7.5,HIGH,NA,2026-04-20
CVE-2023-52163,NA,NA,NA,2026-04-20
CVE-2025-14733,NA,NA,NA,2026-04-20
CVE-2025-59374,NA,NA,NA,2026-04-20
CVE-2025-40602,NA,NA,NA,2026-04-20
CVE-2025-20393,NA,NA,NA,2026-04-20
CVE-2025-59718,NA,NA,NA,2026-04-20
CVE-2025-14611,NA,NA,NA,2026-04-20
CVE-2025-43529,8.8,HIGH,NA,2026-04-20
CVE-2018-4063,NA,NA,NA,2026-04-20
CVE-2025-14174,NA,NA,NA,2026-04-20
CVE-2025-58360,NA,NA,NA,2026-04-20
CVE-2025-6218,NA,NA,NA,2026-04-20
CVE-2025-62221,NA,NA,NA,2026-04-20
CVE-2022-37055,NA,NA,NA,2026-04-20
CVE-2025-66644,7.2,HIGH,NA,2026-04-20
CVE-2025-55182,NA,NA,NA,2026-04-20
CVE-2021-26828,NA,NA,NA,2026-04-20
CVE-2025-48633,NA,NA,NA,2026-04-20
CVE-2025-48572,NA,NA,NA,2026-04-20
CVE-2021-26829,NA,NA,NA,2026-04-20
CVE-2025-61757,NA,NA,NA,2026-04-20
CVE-2025-13223,NA,NA,NA,2026-04-20
CVE-2025-58034,7.2,HIGH,NA,2026-04-20
CVE-2025-64446,NA,NA,NA,2026-04-20
CVE-2025-12480,NA,NA,NA,2026-04-20
CVE-2025-62215,NA,NA,NA,2026-04-20
CVE-2025-9242,NA,NA,NA,2026-04-20
CVE-2025-21042,NA,NA,NA,2026-04-20
CVE-2025-48703,NA,NA,NA,2026-04-20
CVE-2025-11371,7.5,HIGH,NA,2026-04-20
CVE-2025-41244,NA,NA,NA,2026-04-20
CVE-2025-24893,NA,NA,NA,2026-04-20
CVE-2025-6204,NA,NA,NA,2026-04-20
CVE-2025-6205,NA,NA,NA,2026-04-20
CVE-2025-54236,NA,NA,NA,2026-04-20
CVE-2025-59287,NA,NA,NA,2026-04-20
CVE-2025-61932,9.8,CRITICAL,NA,2026-04-20
CVE-2022-48503,NA,NA,NA,2026-04-20
CVE-2025-2746,NA,NA,NA,2026-04-20
CVE-2025-2747,NA,NA,NA,2026-04-20
CVE-2025-33073,NA,NA,NA,2026-04-20
CVE-2025-61884,NA,NA,NA,2026-04-20
CVE-2025-54253,NA,NA,NA,2026-04-20
CVE-2025-47827,NA,NA,NA,2026-04-20
CVE-2025-24990,7.8,HIGH,NA,2026-04-20
CVE-2025-59230,NA,NA,NA,2026-04-20
CVE-2016-7836,NA,NA,NA,2026-04-20
CVE-2021-43798,NA,NA,NA,2026-04-20
CVE-2025-27915,NA,NA,NA,2026-04-20
CVE-2021-22555,NA,NA,NA,2026-04-20
CVE-2010-3962,NA,NA,NA,2026-04-20
CVE-2021-43226,7.8,HIGH,4.6,2026-04-20
CVE-2013-3918,NA,NA,NA,2026-04-20
CVE-2011-3402,NA,NA,NA,2026-04-20
CVE-2010-3765,NA,NA,NA,2026-04-20
CVE-2025-61882,NA,NA,NA,2026-04-20
CVE-2014-6278,NA,NA,NA,2026-04-20
CVE-2017-1000353,NA,NA,NA,2026-04-20
CVE-2015-7755,9.8,CRITICAL,10,2026-04-20
CVE-2025-21043,NA,NA,NA,2026-04-20
CVE-2025-4008,NA,NA,NA,2026-04-20
CVE-2025-32463,NA,NA,NA,2026-04-20
CVE-2025-59689,NA,NA,NA,2026-04-20
CVE-2025-10035,NA,NA,NA,2026-04-20
CVE-2025-20352,NA,NA,NA,2026-04-20
CVE-2021-21311,NA,NA,NA,2026-04-20
CVE-2025-20362,6.5,MEDIUM,NA,2026-04-20
CVE-2025-20333,NA,NA,NA,2026-04-20
CVE-2025-10585,NA,NA,NA,2026-04-20
CVE-2025-5086,NA,NA,NA,2026-04-20
CVE-2025-38352,NA,NA,NA,2026-04-20
CVE-2025-48543,NA,NA,NA,2026-04-20
CVE-2025-53690,NA,NA,NA,2026-04-20
CVE-2023-50224,6.5,MEDIUM,NA,2026-04-20
CVE-2025-9377,NA,NA,NA,2026-04-20
CVE-2020-24363,NA,NA,NA,2026-04-20
CVE-2025-55177,NA,NA,NA,2026-04-20
CVE-2025-57819,NA,NA,NA,2026-04-20
CVE-2025-7775,NA,NA,NA,2026-04-20
CVE-2025-48384,NA,NA,NA,2026-04-20
CVE-2024-8068,8,HIGH,NA,2026-04-20
CVE-2024-8069,NA,NA,NA,2026-04-20
CVE-2025-43300,NA,NA,NA,2026-04-20
CVE-2025-54948,NA,NA,NA,2026-04-20
CVE-2025-8876,NA,NA,NA,2026-04-20
CVE-2025-8875,NA,NA,NA,2026-04-20
CVE-2025-8088,NA,NA,NA,2026-04-20
CVE-2007-0671,8.8,HIGH,9.3,2026-04-20
CVE-2013-3893,NA,NA,NA,2026-04-20
CVE-2020-25078,NA,NA,NA,2026-04-20
CVE-2020-25079,NA,NA,NA,2026-04-20
CVE-2022-40799,NA,NA,NA,2026-04-20
CVE-2023-2533,NA,NA,NA,2026-04-20
CVE-2025-20337,NA,NA,NA,2026-04-20
CVE-2025-20281,NA,NA,NA,2026-04-20
CVE-2025-2775,9.3,CRITICAL,NA,2026-04-20
CVE-2025-2776,NA,NA,NA,2026-04-20
CVE-2025-6558,NA,NA,NA,2026-04-20
CVE-2025-54309,NA,NA,NA,2026-04-20
CVE-2025-49704,NA,NA,NA,2026-04-20
CVE-2025-49706,NA,NA,NA,2026-04-20
CVE-2025-53770,NA,NA,NA,2026-04-20
CVE-2025-25257,9.8,CRITICAL,NA,2026-04-20
CVE-2025-47812,NA,NA,NA,2026-04-20
CVE-2025-5777,NA,NA,NA,2026-04-20
CVE-2019-9621,NA,NA,NA,2026-04-20
CVE-2019-5418,NA,NA,NA,2026-04-20
CVE-2016-10033,NA,NA,NA,2026-04-20
CVE-2014-3931,NA,NA,NA,2026-04-20
CVE-2025-6554,NA,NA,NA,2026-04-20
CVE-2025-48928,4,MEDIUM,NA,2026-04-20
CVE-2025-48927,NA,NA,NA,2026-04-20
CVE-2025-6543,NA,NA,NA,2026-04-20
CVE-2019-6693,NA,NA,NA,2026-04-20
CVE-2024-0769,NA,NA,NA,2026-04-20
CVE-2024-54085,NA,NA,NA,2026-04-20
CVE-2023-0386,NA,NA,NA,2026-04-20
CVE-2023-33538,8.8,HIGH,NA,2026-04-20
CVE-2025-43200,NA,NA,NA,2026-04-20
CVE-2025-33053,NA,NA,NA,2026-04-20
CVE-2025-24016,NA,NA,NA,2026-04-20
CVE-2024-42009,NA,NA,NA,2026-04-20
CVE-2025-32433,NA,NA,NA,2026-04-20
CVE-2025-5419,NA,NA,NA,2026-04-20
CVE-2025-21479,NA,NA,NA,2026-04-20
CVE-2025-21480,8.6,HIGH,NA,2026-04-20
CVE-2025-27038,NA,NA,NA,2026-04-20
CVE-2021-32030,NA,NA,NA,2026-04-20
CVE-2025-3935,NA,NA,NA,2026-04-20
CVE-2025-35939,NA,NA,NA,2026-04-20
CVE-2024-56145,NA,NA,NA,2026-04-20
CVE-2023-39780,NA,NA,NA,2026-04-20
CVE-2025-4632,9.8,CRITICAL,NA,2026-04-20
CVE-2023-38950,NA,NA,NA,2026-04-20
CVE-2024-27443,NA,NA,NA,2026-04-20
CVE-2025-27920,NA,NA,NA,2026-04-20
CVE-2024-11182,NA,NA,NA,2026-04-20
CVE-2025-4428,NA,NA,NA,2026-04-20
CVE-2025-4427,NA,NA,NA,2026-04-20
CVE-2025-42999,9.1,CRITICAL,NA,2026-04-20
CVE-2024-12987,NA,NA,NA,2026-04-20
CVE-2025-32756,NA,NA,NA,2026-04-20
CVE-2025-32709,NA,NA,NA,2026-04-20
CVE-2025-30397,NA,NA,NA,2026-04-20
CVE-2025-32706,NA,NA,NA,2026-04-20
CVE-2025-32701,NA,NA,NA,2026-04-20
CVE-2025-30400,NA,NA,NA,2026-04-20
CVE-2025-47729,1.9,LOW,NA,2026-04-20
CVE-2024-11120,NA,NA,NA,2026-04-20
CVE-2024-6047,NA,NA,NA,2026-04-20
CVE-2025-27363,NA,NA,NA,2026-04-20
CVE-2025-3248,NA,NA,NA,2026-04-20
CVE-2025-34028,NA,NA,NA,2026-04-20
CVE-2024-58136,NA,NA,NA,2026-04-20
CVE-2024-38475,9.1,CRITICAL,NA,2026-04-20
CVE-2023-44221,NA,NA,NA,2026-04-20
CVE-2025-31324,NA,NA,NA,2026-04-20
CVE-2025-1976,NA,NA,NA,2026-04-20
CVE-2025-42599,NA,NA,NA,2026-04-20
CVE-2025-3928,NA,NA,NA,2026-04-20
CVE-2025-24054,NA,NA,NA,2026-04-20
CVE-2025-31201,NA,NA,NA,2026-04-20
CVE-2025-31200,9.8,CRITICAL,NA,2026-04-20
CVE-2021-20035,NA,NA,NA,2026-04-20
CVE-2024-53150,NA,NA,NA,2026-04-20
CVE-2024-53197,NA,NA,NA,2026-04-20
CVE-2025-29824,NA,NA,NA,2026-04-20
CVE-2025-30406,9,CRITICAL,NA,2026-04-20
CVE-2025-31161,NA,NA,NA,2026-04-20
CVE-2025-22457,9,CRITICAL,NA,2026-04-20
CVE-2025-24813,NA,NA,NA,2026-04-20
CVE-2024-20439,NA,NA,NA,2026-04-20
CVE-2025-2783,NA,NA,NA,2026-04-20
CVE-2019-9875,NA,NA,NA,2026-04-20
CVE-2019-9874,NA,NA,NA,2026-04-20
CVE-2025-30154,8.6,HIGH,NA,2026-04-20
CVE-2017-12637,NA,NA,NA,2026-04-20
CVE-2024-48248,NA,NA,NA,2026-04-20
CVE-2025-1316,NA,NA,NA,2026-04-20
CVE-2025-30066,NA,NA,NA,2026-04-20
CVE-2025-24472,NA,NA,NA,2026-04-20
CVE-2025-21590,NA,NA,NA,2026-04-20
CVE-2025-24201,NA,NA,NA,2026-04-20
CVE-2025-24993,7.8,HIGH,NA,2026-04-20
CVE-2025-24991,NA,NA,NA,2026-04-20
CVE-2025-24985,NA,NA,NA,2026-04-20
CVE-2025-24984,NA,NA,NA,2026-04-20
CVE-2025-24983,NA,NA,NA,2026-04-20
CVE-2025-26633,NA,NA,NA,2026-04-20
CVE-2024-13161,NA,NA,NA,2026-04-20
CVE-2024-13160,9.8,CRITICAL,NA,2026-04-20
CVE-2024-13159,NA,NA,NA,2026-04-20
CVE-2024-57968,NA,NA,NA,2026-04-20
CVE-2025-25181,NA,NA,NA,2026-04-20
CVE-2025-22226,NA,NA,NA,2026-04-20
CVE-2025-22225,NA,NA,NA,2026-04-20
CVE-2025-22224,NA,NA,NA,2026-04-20
CVE-2024-50302,NA,NA,NA,2026-04-20
CVE-2024-4885,9.8,CRITICAL,NA,2026-04-20
CVE-2018-8639,NA,NA,NA,2026-04-20
CVE-2022-43769,NA,NA,NA,2026-04-20
CVE-2022-43939,NA,NA,NA,2026-04-20
CVE-2023-20118,NA,NA,NA,2026-04-20
CVE-2023-34192,NA,NA,NA,2026-04-20
CVE-2024-49035,NA,NA,NA,2026-04-20
CVE-2024-20953,8.8,HIGH,NA,2026-04-20
CVE-2017-3066,NA,NA,NA,2026-04-20
CVE-2025-24989,NA,NA,NA,2026-04-20
CVE-2025-0111,NA,NA,NA,2026-04-20
CVE-2025-23209,NA,NA,NA,2026-04-20
CVE-2025-0108,NA,NA,NA,2026-04-20
CVE-2024-53704,NA,NA,NA,2026-04-20
CVE-2024-57727,NA,NA,NA,2026-04-20
CVE-2025-24200,6.1,MEDIUM,NA,2026-04-20
CVE-2024-41710,NA,NA,NA,2026-04-20
CVE-2024-40891,NA,NA,NA,2026-04-20
CVE-2024-40890,NA,NA,NA,2026-04-20
CVE-2025-21418,NA,NA,NA,2026-04-20
CVE-2025-21391,NA,NA,NA,2026-04-20
CVE-2025-0994,NA,NA,NA,2026-04-20
CVE-2020-15069,9.8,CRITICAL,7.5,2026-04-20
CVE-2020-29574,NA,NA,NA,2026-04-20
CVE-2024-21413,NA,NA,NA,2026-04-20
CVE-2022-23748,NA,NA,NA,2026-04-20
CVE-2025-0411,NA,NA,NA,2026-04-20
CVE-2024-53104,NA,NA,NA,2026-04-20
CVE-2018-19410,NA,NA,NA,2026-04-20
CVE-2018-9276,7.2,HIGH,9,2026-04-20
CVE-2024-29059,NA,NA,NA,2026-04-20
CVE-2024-45195,NA,NA,NA,2026-04-20
CVE-2025-24085,NA,NA,NA,2026-04-20
CVE-2025-23006,NA,NA,NA,2026-04-20
CVE-2020-11023,NA,NA,NA,2026-04-20
CVE-2024-50603,NA,NA,NA,2026-04-20
CVE-2025-21335,NA,NA,NA,2026-04-20
CVE-2025-21334,7.8,HIGH,NA,2026-04-20
CVE-2025-21333,NA,NA,NA,2026-04-20
CVE-2024-55591,NA,NA,NA,2026-04-20
CVE-2023-48365,NA,NA,NA,2026-04-20
CVE-2024-12686,NA,NA,NA,2026-04-20
CVE-2025-0282,NA,NA,NA,2026-04-20
CVE-2020-2883,NA,NA,NA,2026-04-20
CVE-2024-55550,2.7,LOW,NA,2026-04-20
CVE-2024-41713,NA,NA,NA,2026-04-20
CVE-2024-3393,NA,NA,NA,2026-04-20
CVE-2021-44207,NA,NA,NA,2026-04-20
CVE-2024-12356,NA,NA,NA,2026-04-20
CVE-2021-40407,NA,NA,NA,2026-04-20
CVE-2019-11001,NA,NA,NA,2026-04-20
CVE-2022-23227,NA,NA,NA,2026-04-20
CVE-2018-14933,9.8,CRITICAL,10,2026-04-20
CVE-2024-55956,NA,NA,NA,2026-04-20
CVE-2024-35250,NA,NA,NA,2026-04-20
CVE-2024-20767,NA,NA,NA,2026-04-20
CVE-2024-50623,NA,NA,NA,2026-04-20
CVE-2024-49138,NA,NA,NA,2026-04-20
CVE-2024-51378,NA,NA,NA,2026-04-20
CVE-2024-11667,7.5,HIGH,NA,2026-04-20
CVE-2024-11680,NA,NA,NA,2026-04-20
CVE-2023-45727,NA,NA,NA,2026-04-20
CVE-2023-28461,NA,NA,NA,2026-04-20
CVE-2024-21287,NA,NA,NA,2026-04-20
CVE-2024-44309,NA,NA,NA,2026-04-20
CVE-2024-44308,NA,NA,NA,2026-04-20
CVE-2024-38813,NA,NA,NA,2026-04-20
CVE-2024-38812,9.8,CRITICAL,NA,2026-04-20
CVE-2024-9474,NA,NA,NA,2026-04-20
CVE-2024-0012,NA,NA,NA,2026-04-20
CVE-2024-1212,NA,NA,NA,2026-04-20
CVE-2024-9465,NA,NA,NA,2026-04-20
CVE-2024-9463,NA,NA,NA,2026-04-20
CVE-2021-26086,NA,NA,NA,2026-04-20
CVE-2014-2120,6.1,MEDIUM,4.3,2026-04-20
CVE-2021-41277,NA,NA,NA,2026-04-20
CVE-2024-43451,NA,NA,NA,2026-04-20
CVE-2024-49039,NA,NA,NA,2026-04-20
CVE-2019-16278,NA,NA,NA,2026-04-20
CVE-2024-51567,NA,NA,NA,2026-04-20
CVE-2024-43093,NA,NA,NA,2026-04-20
CVE-2024-5910,9.8,CRITICAL,NA,2026-04-20
CVE-2024-8956,NA,NA,NA,2026-04-20
CVE-2024-8957,NA,NA,NA,2026-04-20
CVE-2024-37383,NA,NA,NA,2026-04-20
CVE-2024-20481,NA,NA,NA,2026-04-20
CVE-2024-47575,NA,NA,NA,2026-04-20
CVE-2024-38094,NA,NA,NA,2026-04-20
CVE-2024-9537,NA,NA,NA,2026-04-20
CVE-2024-40711,9.8,CRITICAL,NA,2026-04-20
CVE-2024-28987,NA,NA,NA,2026-04-20
CVE-2024-9680,NA,NA,NA,2026-04-20
CVE-2024-30088,NA,NA,NA,2026-04-20
CVE-2024-9380,NA,NA,NA,2026-04-20
CVE-2024-9379,NA,NA,NA,2026-04-20
CVE-2024-23113,NA,NA,NA,2026-04-20
CVE-2024-43573,NA,NA,NA,2026-04-20
CVE-2024-43572,7.8,HIGH,NA,2026-04-20
CVE-2024-43047,7.8,HIGH,NA,2026-04-20
CVE-2024-45519,10,CRITICAL,NA,2026-04-20
CVE-2024-29824,8.8,HIGH,NA,2026-04-20
CVE-2019-0344,9.8,CRITICAL,7.5,2026-04-20
CVE-2020-15415,NA,NA,NA,2026-04-20
CVE-2023-25280,NA,NA,NA,2026-04-20
CVE-2024-7593,NA,NA,NA,2026-04-20
CVE-2024-8963,NA,NA,NA,2026-04-20
CVE-2020-14644,9.8,CRITICAL,7.5,2026-04-20
CVE-2022-21445,NA,NA,NA,2026-04-20
CVE-2020-0618,NA,NA,NA,2026-04-20
CVE-2024-27348,NA,NA,NA,2026-04-20
CVE-2014-0502,NA,NA,NA,2026-04-20
CVE-2013-0648,NA,NA,NA,2026-04-20
CVE-2013-0643,NA,NA,NA,2026-04-20
CVE-2014-0497,NA,NA,NA,2026-04-20
CVE-2024-6670,NA,NA,NA,2026-04-20
CVE-2024-43461,8.8,HIGH,NA,2026-04-20
CVE-2024-8190,NA,NA,NA,2026-04-20
CVE-2024-38217,NA,NA,NA,2026-04-20
CVE-2024-38014,NA,NA,NA,2026-04-20
CVE-2024-38226,NA,NA,NA,2026-04-20
CVE-2024-40766,NA,NA,NA,2026-04-20
CVE-2017-1000253,NA,NA,NA,2026-04-20
CVE-2016-3714,NA,NA,NA,2026-04-20
CVE-2024-7262,7.8,HIGH,NA,2026-04-20
CVE-2021-20124,NA,NA,NA,2026-04-20
CVE-2021-20123,NA,NA,NA,2026-04-20
CVE-2024-7965,NA,NA,NA,2026-04-20
CVE-2024-38856,NA,NA,NA,2026-04-20
CVE-2024-7971,NA,NA,NA,2026-04-20
CVE-2024-39717,NA,NA,NA,2026-04-20
CVE-2021-31196,NA,NA,NA,2026-04-20
CVE-2022-0185,8.4,HIGH,7.2,2026-04-20
CVE-2021-33045,NA,NA,NA,2026-04-20
CVE-2021-33044,NA,NA,NA,2026-04-20
CVE-2024-23897,NA,NA,NA,2026-04-20
CVE-2024-28986,NA,NA,NA,2026-04-20
CVE-2024-38107,NA,NA,NA,2026-04-20
CVE-2024-38106,NA,NA,NA,2026-04-20
CVE-2024-38193,7.8,HIGH,NA,2026-04-20
CVE-2024-38213,NA,NA,NA,2026-04-20
CVE-2024-38178,NA,NA,NA,2026-04-20
CVE-2024-38189,NA,NA,NA,2026-04-20
CVE-2024-32113,NA,NA,NA,2026-04-20
CVE-2024-36971,NA,NA,NA,2026-04-20
CVE-2018-0824,8.8,HIGH,5.1,2026-04-20
CVE-2024-37085,6.8,MEDIUM,NA,2026-04-20
CVE-2023-45249,9.8,CRITICAL,NA,2026-04-20
CVE-2024-5217,9.8,CRITICAL,NA,2026-04-20
CVE-2024-4879,9.8,CRITICAL,NA,2026-04-20
CVE-2024-39891,NA,NA,NA,2026-04-20
CVE-2012-4792,NA,NA,NA,2026-04-20
CVE-2022-22948,NA,NA,NA,2026-04-20
CVE-2024-28995,NA,NA,NA,2026-04-20
CVE-2024-34102,NA,NA,NA,2026-04-20
CVE-2024-36401,NA,NA,NA,2026-04-20
CVE-2024-23692,9.8,CRITICAL,NA,2026-04-20
CVE-2024-38080,NA,NA,NA,2026-04-20
CVE-2024-38112,NA,NA,NA,2026-04-20
CVE-2024-20399,NA,NA,NA,2026-04-20
CVE-2020-13965,NA,NA,NA,2026-04-20
CVE-2022-2586,5.3,MEDIUM,NA,2026-04-20
CVE-2022-24816,NA,NA,NA,2026-04-20
CVE-2024-4358,NA,NA,NA,2026-04-20
CVE-2024-26169,NA,NA,NA,2026-04-20
CVE-2024-32896,NA,NA,NA,2026-04-20
CVE-2024-4577,NA,NA,NA,2026-04-20
CVE-2024-4610,NA,NA,NA,2026-04-20
CVE-2017-3506,NA,NA,NA,2026-04-20
CVE-2024-1086,7.8,HIGH,NA,2026-04-20
CVE-2024-24919,NA,NA,NA,2026-04-20
CVE-2024-4978,NA,NA,NA,2026-04-20
CVE-2024-5274,NA,NA,NA,2026-04-20
CVE-2020-17519,NA,NA,NA,2026-04-20
CVE-2024-4947,NA,NA,NA,2026-04-20
CVE-2023-43208,NA,NA,NA,2026-04-20
CVE-2024-4761,8.8,HIGH,NA,2026-04-20
CVE-2021-40655,NA,NA,NA,2026-04-20
CVE-2014-100005,NA,NA,NA,2026-04-20
CVE-2024-30040,NA,NA,NA,2026-04-20
CVE-2024-30051,NA,NA,NA,2026-04-20
CVE-2024-4671,NA,NA,NA,2026-04-20
CVE-2023-7028,NA,NA,NA,2026-04-20
CVE-2024-29988,NA,NA,NA,2026-04-20
CVE-2024-4040,9.8,CRITICAL,NA,2026-04-20
CVE-2024-20359,NA,NA,NA,2026-04-20
CVE-2024-20353,NA,NA,NA,2026-04-20
CVE-2022-38028,NA,NA,NA,2026-04-20
CVE-2024-3400,NA,NA,NA,2026-04-20
CVE-2024-3273,NA,NA,NA,2026-04-20
CVE-2024-3272,NA,NA,NA,2026-04-20
CVE-2024-29748,7.8,HIGH,NA,2026-04-20
CVE-2024-29745,NA,NA,NA,2026-04-20
CVE-2023-24955,NA,NA,NA,2026-04-20
CVE-2019-7256,NA,NA,NA,2026-04-20
CVE-2021-44529,NA,NA,NA,2026-04-20
CVE-2023-48788,NA,NA,NA,2026-04-20
CVE-2024-27198,NA,NA,NA,2026-04-20
CVE-2024-23225,NA,NA,NA,2026-04-20
CVE-2024-23296,7.8,HIGH,NA,2026-04-20
CVE-2023-21237,NA,NA,NA,2026-04-20
CVE-2021-36380,NA,NA,NA,2026-04-20
CVE-2024-21338,NA,NA,NA,2026-04-20
CVE-2023-29360,NA,NA,NA,2026-04-20
CVE-2024-1709,NA,NA,NA,2026-04-20
CVE-2020-3259,NA,NA,NA,2026-04-20
CVE-2024-21410,9.8,CRITICAL,NA,2026-04-20
CVE-2024-21412,NA,NA,NA,2026-04-20
CVE-2024-21351,NA,NA,NA,2026-04-20
CVE-2023-43770,NA,NA,NA,2026-04-20
CVE-2024-21762,NA,NA,NA,2026-04-20
CVE-2023-4762,NA,NA,NA,2026-04-20
CVE-2022-48618,NA,NA,NA,2026-04-20
CVE-2024-21893,8.2,HIGH,NA,2026-04-20
CVE-2023-22527,NA,NA,NA,2026-04-20
CVE-2024-23222,NA,NA,NA,2026-04-20
CVE-2023-34048,NA,NA,NA,2026-04-20
CVE-2023-35082,NA,NA,NA,2026-04-20
CVE-2024-0519,NA,NA,NA,2026-04-20
CVE-2023-6549,NA,NA,NA,2026-04-20
CVE-2023-6548,5.5,MEDIUM,NA,2026-04-20
CVE-2018-15133,NA,NA,NA,2026-04-20
CVE-2023-29357,NA,NA,NA,2026-04-20
CVE-2023-46805,NA,NA,NA,2026-04-20
CVE-2024-21887,NA,NA,NA,2026-04-20
CVE-2023-23752,NA,NA,NA,2026-04-20
CVE-2016-20017,NA,NA,NA,2026-04-20
CVE-2023-41990,NA,NA,NA,2026-04-20
CVE-2023-27524,8.9,HIGH,NA,2026-04-20
CVE-2023-29300,NA,NA,NA,2026-04-20
CVE-2023-38203,NA,NA,NA,2026-04-20
CVE-2023-7101,NA,NA,NA,2026-04-20
CVE-2023-7024,NA,NA,NA,2026-04-20
CVE-2023-49897,NA,NA,NA,2026-04-20
CVE-2023-47565,NA,NA,NA,2026-04-20
CVE-2023-6448,9.8,CRITICAL,NA,2026-04-20
CVE-2023-41266,NA,NA,NA,2026-04-20
CVE-2023-41265,NA,NA,NA,2026-04-20
CVE-2023-33107,NA,NA,NA,2026-04-20
CVE-2023-33106,NA,NA,NA,2026-04-20
CVE-2023-33063,NA,NA,NA,2026-04-20
CVE-2022-22071,NA,NA,NA,2026-04-20
CVE-2023-42917,NA,NA,NA,2026-04-20
CVE-2023-42916,6.5,MEDIUM,NA,2026-04-20
CVE-2023-6345,NA,NA,NA,2026-04-20
CVE-2023-49103,NA,NA,NA,2026-04-20
CVE-2023-4911,NA,NA,NA,2026-04-20
CVE-2023-36584,NA,NA,NA,2026-04-20
CVE-2023-1671,NA,NA,NA,2026-04-20
CVE-2020-2551,NA,NA,NA,2026-04-20
CVE-2023-36033,7.8,HIGH,NA,2026-04-20
CVE-2023-36025,NA,NA,NA,2026-04-20
CVE-2023-36036,NA,NA,NA,2026-04-20
CVE-2023-47246,NA,NA,NA,2026-04-20
CVE-2023-36844,NA,NA,NA,2026-04-20
CVE-2023-36845,NA,NA,NA,2026-04-20
CVE-2023-36846,NA,NA,NA,2026-04-20
CVE-2023-36847,NA,NA,NA,2026-04-20
CVE-2023-36851,5.3,MEDIUM,NA,2026-04-20
CVE-2023-29552,NA,NA,NA,2026-04-20
CVE-2023-22518,NA,NA,NA,2026-04-20
CVE-2023-46604,NA,NA,NA,2026-04-20
CVE-2023-46748,NA,NA,NA,2026-04-20
CVE-2023-46747,NA,NA,NA,2026-04-20
CVE-2023-5631,NA,NA,NA,2026-04-20
CVE-2023-20273,7.2,HIGH,NA,2026-04-20
CVE-2023-4966,NA,NA,NA,2026-04-20
CVE-2023-20198,NA,NA,NA,2026-04-20
CVE-2023-21608,NA,NA,NA,2026-04-20
CVE-2023-20109,NA,NA,NA,2026-04-20
CVE-2023-41763,NA,NA,NA,2026-04-20
CVE-2023-36563,NA,NA,NA,2026-04-20
CVE-2023-44487,7.5,HIGH,NA,2026-04-20
CVE-2023-22515,NA,NA,NA,2026-04-20
CVE-2023-40044,NA,NA,NA,2026-04-20
CVE-2023-42824,NA,NA,NA,2026-04-20
CVE-2023-42793,9.8,CRITICAL,NA,2026-04-20
CVE-2023-28229,NA,NA,NA,2026-04-20
CVE-2023-4211,NA,NA,NA,2026-04-20
CVE-2023-5217,NA,NA,NA,2026-04-20
CVE-2018-14667,NA,NA,NA,2026-04-20
CVE-2023-41991,NA,NA,NA,2026-04-20
CVE-2023-41992,NA,NA,NA,2026-04-20
CVE-2023-41993,8.8,HIGH,NA,2026-04-20
CVE-2023-41179,NA,NA,NA,2026-04-20
CVE-2023-28434,NA,NA,NA,2026-04-20
CVE-2022-22265,NA,NA,NA,2026-04-20
CVE-2014-8361,NA,NA,NA,2026-04-20
CVE-2017-6884,NA,NA,NA,2026-04-20
CVE-2021-3129,NA,NA,NA,2026-04-20
CVE-2023-26369,7.8,HIGH,NA,2026-04-20
CVE-2023-35674,NA,NA,NA,2026-04-20
CVE-2023-20269,NA,NA,NA,2026-04-20
CVE-2023-4863,NA,NA,NA,2026-04-20
CVE-2023-36761,NA,NA,NA,2026-04-20
CVE-2023-36802,NA,NA,NA,2026-04-20
CVE-2023-41064,NA,NA,NA,2026-04-20
CVE-2023-41061,NA,NA,NA,2026-04-20
CVE-2023-33246,9.8,CRITICAL,NA,2026-04-20
CVE-2023-38831,NA,NA,NA,2026-04-20
CVE-2023-32315,NA,NA,NA,2026-04-20
CVE-2023-38035,NA,NA,NA,2026-04-20
CVE-2023-27532,NA,NA,NA,2026-04-20
CVE-2023-26359,NA,NA,NA,2026-04-20
CVE-2023-24489,NA,NA,NA,2026-04-20
CVE-2023-38180,7.5,HIGH,NA,2026-04-20
CVE-2017-18368,NA,NA,NA,2026-04-20
CVE-2023-35081,NA,NA,NA,2026-04-20
CVE-2023-37580,NA,NA,NA,2026-04-20
CVE-2023-38606,NA,NA,NA,2026-04-20
CVE-2023-35078,NA,NA,NA,2026-04-20
CVE-2023-29298,NA,NA,NA,2026-04-20
CVE-2023-38205,7.5,HIGH,NA,2026-04-20
CVE-2023-3519,NA,NA,NA,2026-04-20
CVE-2023-36884,NA,NA,NA,2026-04-20
CVE-2022-29303,NA,NA,NA,2026-04-20
CVE-2023-37450,NA,NA,NA,2026-04-20
CVE-2023-32046,NA,NA,NA,2026-04-20
CVE-2023-32049,NA,NA,NA,2026-04-20
CVE-2023-35311,NA,NA,NA,2026-04-20
CVE-2023-36874,7.8,HIGH,NA,2026-04-20
CVE-2022-31199,NA,NA,NA,2026-04-20
CVE-2021-29256,NA,NA,NA,2026-04-20
CVE-2019-17621,NA,NA,NA,2026-04-20
CVE-2019-20500,NA,NA,NA,2026-04-20
CVE-2021-25487,NA,NA,NA,2026-04-20
CVE-2021-25489,NA,NA,NA,2026-04-20
CVE-2021-25394,6.4,MEDIUM,4.4,2026-04-20
CVE-2021-25395,NA,NA,NA,2026-04-20
CVE-2021-25371,NA,NA,NA,2026-04-20
CVE-2021-25372,NA,NA,NA,2026-04-20
CVE-2023-32434,NA,NA,NA,2026-04-20
CVE-2023-32435,NA,NA,NA,2026-04-20
CVE-2023-32439,NA,NA,NA,2026-04-20
CVE-2023-20867,3.9,LOW,NA,2026-04-20
CVE-2023-27992,NA,NA,NA,2026-04-20
CVE-2023-20887,NA,NA,NA,2026-04-20
CVE-2020-35730,NA,NA,NA,2026-04-20
CVE-2020-12641,NA,NA,NA,2026-04-20
CVE-2021-44026,NA,NA,NA,2026-04-20
CVE-2016-9079,NA,NA,NA,2026-04-20
CVE-2016-0165,7.8,HIGH,7.2,2026-04-20
CVE-2023-27997,NA,NA,NA,2026-04-20
CVE-2023-3079,NA,NA,NA,2026-04-20
CVE-2023-33009,NA,NA,NA,2026-04-20
CVE-2023-33010,NA,NA,NA,2026-04-20
CVE-2023-34362,NA,NA,NA,2026-04-20
CVE-2023-28771,9.8,CRITICAL,NA,2026-04-20
CVE-2023-2868,NA,NA,NA,2026-04-20
CVE-2023-32409,NA,NA,NA,2026-04-20
CVE-2023-28204,NA,NA,NA,2026-04-20
CVE-2023-32373,NA,NA,NA,2026-04-20
CVE-2004-1464,NA,NA,NA,2026-04-20
CVE-2016-6415,NA,NA,NA,2026-04-20
CVE-2023-21492,NA,NA,NA,2026-04-20
CVE-2023-25717,9.8,CRITICAL,NA,2026-04-20
CVE-2021-3560,NA,NA,NA,2026-04-20
CVE-2014-0196,NA,NA,NA,2026-04-20
CVE-2010-3904,NA,NA,NA,2026-04-20
CVE-2015-5317,NA,NA,NA,2026-04-20
CVE-2016-3427,NA,NA,NA,2026-04-20
CVE-2016-8735,NA,NA,NA,2026-04-20
CVE-2023-29336,7.8,HIGH,NA,2026-04-20
CVE-2023-1389,NA,NA,NA,2026-04-20
CVE-2021-45046,NA,NA,NA,2026-04-20
CVE-2023-21839,NA,NA,NA,2026-04-20
CVE-2023-28432,NA,NA,NA,2026-04-20
CVE-2023-27350,NA,NA,NA,2026-04-20
CVE-2023-2136,NA,NA,NA,2026-04-20
CVE-2017-6742,NA,NA,NA,2026-04-20
CVE-2019-8526,7.8,HIGH,7.2,2026-04-20
CVE-2023-2033,NA,NA,NA,2026-04-20
CVE-2023-20963,NA,NA,NA,2026-04-20
CVE-2023-29492,NA,NA,NA,2026-04-20
CVE-2023-28252,NA,NA,NA,2026-04-20
CVE-2023-28205,NA,NA,NA,2026-04-20
CVE-2023-28206,NA,NA,NA,2026-04-20
CVE-2021-27876,8.1,HIGH,7.5,2026-04-20
CVE-2021-27877,NA,NA,NA,2026-04-20
CVE-2021-27878,NA,NA,NA,2026-04-20
CVE-2019-1388,NA,NA,NA,2026-04-20
CVE-2023-26083,NA,NA,NA,2026-04-20
CVE-2022-27926,NA,NA,NA,2026-04-20
CVE-2013-3163,NA,NA,NA,2026-04-20
CVE-2017-7494,NA,NA,NA,2026-04-20
CVE-2022-42948,9.8,CRITICAL,NA,2026-04-20
CVE-2022-39197,NA,NA,NA,2026-04-20
CVE-2021-30900,NA,NA,NA,2026-04-20
CVE-2022-38181,NA,NA,NA,2026-04-20
CVE-2023-0266,NA,NA,NA,2026-04-20
CVE-2022-3038,NA,NA,NA,2026-04-20
CVE-2022-22706,NA,NA,NA,2026-04-20
CVE-2023-26360,8.6,HIGH,NA,2026-04-20
CVE-2023-23397,NA,NA,NA,2026-04-20
CVE-2023-24880,NA,NA,NA,2026-04-20
CVE-2022-41328,NA,NA,NA,2026-04-20
CVE-2021-39144,NA,NA,NA,2026-04-20
CVE-2020-5741,NA,NA,NA,2026-04-20
CVE-2022-28810,NA,NA,NA,2026-04-20
CVE-2022-33891,8.8,HIGH,NA,2026-04-20
CVE-2022-35914,NA,NA,NA,2026-04-20
CVE-2022-36537,NA,NA,NA,2026-04-20
CVE-2022-47986,NA,NA,NA,2026-04-20
CVE-2022-41223,NA,NA,NA,2026-04-20
CVE-2022-40765,NA,NA,NA,2026-04-20
CVE-2022-46169,NA,NA,NA,2026-04-20
CVE-2023-21715,7.3,HIGH,NA,2026-04-20
CVE-2023-23376,NA,NA,NA,2026-04-20
CVE-2023-23529,NA,NA,NA,2026-04-20
CVE-2023-21823,NA,NA,NA,2026-04-20
CVE-2015-2291,NA,NA,NA,2026-04-20
CVE-2022-24990,NA,NA,NA,2026-04-20
CVE-2023-0669,NA,NA,NA,2026-04-20
CVE-2022-21587,9.8,CRITICAL,NA,2026-04-20
CVE-2023-22952,NA,NA,NA,2026-04-20
CVE-2017-11357,NA,NA,NA,2026-04-20
CVE-2022-47966,NA,NA,NA,2026-04-20
CVE-2022-44877,NA,NA,NA,2026-04-20
CVE-2022-41080,NA,NA,NA,2026-04-20
CVE-2023-21674,NA,NA,NA,2026-04-20
CVE-2018-5430,NA,NA,NA,2026-04-20
CVE-2018-18809,6.5,MEDIUM,4,2026-04-20
CVE-2022-42856,NA,NA,NA,2026-04-20
CVE-2022-42475,NA,NA,NA,2026-04-20
CVE-2022-44698,NA,NA,NA,2026-04-20
CVE-2022-27518,NA,NA,NA,2026-04-20
CVE-2022-26500,NA,NA,NA,2026-04-20
CVE-2022-26501,NA,NA,NA,2026-04-20
CVE-2022-4262,8.8,HIGH,NA,2026-04-20
CVE-2021-35587,NA,NA,NA,2026-04-20
CVE-2022-4135,NA,NA,NA,2026-04-20
CVE-2022-41049,NA,NA,NA,2026-04-20
CVE-2022-41091,NA,NA,NA,2026-04-20
CVE-2022-41073,NA,NA,NA,2026-04-20
CVE-2022-41125,NA,NA,NA,2026-04-20
CVE-2022-41128,8.8,HIGH,NA,2026-04-20
CVE-2021-25337,NA,NA,NA,2026-04-20
CVE-2021-25369,NA,NA,NA,2026-04-20
CVE-2021-25370,NA,NA,NA,2026-04-20
CVE-2022-3723,NA,NA,NA,2026-04-20
CVE-2022-42827,NA,NA,NA,2026-04-20
CVE-2020-3433,NA,NA,NA,2026-04-20
CVE-2020-3153,6.5,MEDIUM,4.9,2026-04-20
CVE-2018-19323,NA,NA,NA,2026-04-20
CVE-2018-19322,NA,NA,NA,2026-04-20
CVE-2018-19321,NA,NA,NA,2026-04-20
CVE-2018-19320,NA,NA,NA,2026-04-20
CVE-2022-41352,NA,NA,NA,2026-04-20
CVE-2021-3493,NA,NA,NA,2026-04-20
CVE-2022-40684,NA,NA,NA,2026-04-20
CVE-2022-41033,7.8,HIGH,NA,2026-04-20
CVE-2022-41082,NA,NA,NA,2026-04-20
CVE-2022-41040,NA,NA,NA,2026-04-20
CVE-2022-36804,NA,NA,NA,2026-04-20
CVE-2022-3236,NA,NA,NA,2026-04-20
CVE-2022-35405,NA,NA,NA,2026-04-20
CVE-2022-40139,NA,NA,NA,2026-04-20
CVE-2013-6282,8.8,HIGH,7.2,2026-04-20
CVE-2013-2597,NA,NA,NA,2026-04-20
CVE-2013-2596,NA,NA,NA,2026-04-20
CVE-2013-2094,NA,NA,NA,2026-04-20
CVE-2010-2568,NA,NA,NA,2026-04-20
CVE-2022-37969,NA,NA,NA,2026-04-20
CVE-2022-32917,NA,NA,NA,2026-04-20
CVE-2022-3075,9.6,CRITICAL,NA,2026-04-20
CVE-2022-27593,NA,NA,NA,2026-04-20
CVE-2022-26258,NA,NA,NA,2026-04-20
CVE-2020-9934,NA,NA,NA,2026-04-20
CVE-2018-7445,NA,NA,NA,2026-04-20
CVE-2018-6530,NA,NA,NA,2026-04-20
CVE-2018-2628,NA,NA,NA,2026-04-20
CVE-2018-13374,NA,NA,NA,2026-04-20
CVE-2017-5521,8.1,HIGH,4.3,2026-04-20
CVE-2011-4723,NA,NA,NA,2026-04-20
CVE-2011-1823,NA,NA,NA,2026-04-20
CVE-2022-26352,NA,NA,NA,2026-04-20
CVE-2022-24706,NA,NA,NA,2026-04-20
CVE-2022-24112,NA,NA,NA,2026-04-20
CVE-2022-22963,NA,NA,NA,2026-04-20
CVE-2022-2294,8.8,HIGH,NA,2026-04-20
CVE-2021-39226,NA,NA,NA,2026-04-20
CVE-2021-38406,NA,NA,NA,2026-04-20
CVE-2021-31010,NA,NA,NA,2026-04-20
CVE-2020-36193,NA,NA,NA,2026-04-20
CVE-2020-28949,NA,NA,NA,2026-04-20
CVE-2022-0028,NA,NA,NA,2026-04-20
CVE-2022-22536,10,CRITICAL,10,2026-04-20
CVE-2022-32894,NA,NA,NA,2026-04-20
CVE-2022-32893,NA,NA,NA,2026-04-20
CVE-2022-2856,NA,NA,NA,2026-04-20
CVE-2022-26923,NA,NA,NA,2026-04-20
CVE-2022-21971,NA,NA,NA,2026-04-20
CVE-2017-15944,NA,NA,NA,2026-04-20
CVE-2022-27925,7.2,HIGH,6.5,2026-04-20
CVE-2022-37042,NA,NA,NA,2026-04-20
CVE-2022-34713,NA,NA,NA,2026-04-20
CVE-2022-30333,NA,NA,NA,2026-04-20
CVE-2022-27924,NA,NA,NA,2026-04-20
CVE-2022-26138,NA,NA,NA,2026-04-20
CVE-2022-22047,NA,NA,NA,2026-04-20
CVE-2022-26925,8.1,HIGH,4.3,2026-04-20
CVE-2022-29499,NA,NA,NA,2026-04-20
CVE-2021-30533,NA,NA,NA,2026-04-20
CVE-2021-4034,NA,NA,NA,2026-04-20
CVE-2021-30983,NA,NA,NA,2026-04-20
CVE-2020-3837,NA,NA,NA,2026-04-20
CVE-2020-9907,NA,NA,NA,2026-04-20
CVE-2019-8605,7.8,HIGH,9.3,2026-04-20
CVE-2018-4344,NA,NA,NA,2026-04-20
CVE-2022-30190,NA,NA,NA,2026-04-20
CVE-2021-38163,NA,NA,NA,2026-04-20
CVE-2016-2386,NA,NA,NA,2026-04-20
CVE-2016-2388,NA,NA,NA,2026-04-20
CVE-2019-7195,NA,NA,NA,2026-04-20
CVE-2019-7194,9.8,CRITICAL,7.5,2026-04-20
CVE-2019-7193,NA,NA,NA,2026-04-20
CVE-2019-7192,NA,NA,NA,2026-04-20
CVE-2019-5825,NA,NA,NA,2026-04-20
CVE-2019-15271,NA,NA,NA,2026-04-20
CVE-2018-6065,NA,NA,NA,2026-04-20
CVE-2018-4990,NA,NA,NA,2026-04-20
CVE-2018-17480,8.8,HIGH,6.8,2026-04-20
CVE-2018-17463,NA,NA,NA,2026-04-20
CVE-2017-6862,NA,NA,NA,2026-04-20
CVE-2017-5070,NA,NA,NA,2026-04-20
CVE-2017-5030,NA,NA,NA,2026-04-20
CVE-2016-5198,NA,NA,NA,2026-04-20
CVE-2016-1646,NA,NA,NA,2026-04-20
CVE-2013-1331,NA,NA,NA,2026-04-20
CVE-2012-5054,8.8,HIGH,9.3,2026-04-20
CVE-2012-4969,NA,NA,NA,2026-04-20
CVE-2012-1889,NA,NA,NA,2026-04-20
CVE-2012-0767,NA,NA,NA,2026-04-20
CVE-2012-0754,NA,NA,NA,2026-04-20
CVE-2012-0151,NA,NA,NA,2026-04-20
CVE-2011-2462,NA,NA,NA,2026-04-20
CVE-2011-0609,7.8,HIGH,9.3,2026-04-20
CVE-2010-2883,NA,NA,NA,2026-04-20
CVE-2010-2572,NA,NA,NA,2026-04-20
CVE-2010-1297,NA,NA,NA,2026-04-20
CVE-2009-4324,NA,NA,NA,2026-04-20
CVE-2009-3953,NA,NA,NA,2026-04-20
CVE-2009-1862,NA,NA,NA,2026-04-20
CVE-2009-0563,7.8,HIGH,9.3,2026-04-20
CVE-2009-0557,NA,NA,NA,2026-04-20
CVE-2008-0655,NA,NA,NA,2026-04-20
CVE-2007-5659,NA,NA,NA,2026-04-20
CVE-2006-2492,NA,NA,NA,2026-04-20
CVE-2022-26134,NA,NA,NA,2026-04-20
CVE-2019-3010,NA,NA,NA,2026-04-20
CVE-2016-3393,7.8,HIGH,9.3,2026-04-20
CVE-2016-7256,NA,NA,NA,2026-04-20
CVE-2016-1010,NA,NA,NA,2026-04-20
CVE-2016-0984,NA,NA,NA,2026-04-20
CVE-2016-0034,NA,NA,NA,2026-04-20
CVE-2015-0310,NA,NA,NA,2026-04-20
CVE-2015-0016,NA,NA,NA,2026-04-20
CVE-2015-0071,6.5,MEDIUM,4.3,2026-04-20
CVE-2015-2360,NA,NA,NA,2026-04-20
CVE-2015-2425,NA,NA,NA,2026-04-20
CVE-2015-1769,NA,NA,NA,2026-04-20
CVE-2015-4495,NA,NA,NA,2026-04-20
CVE-2015-8651,NA,NA,NA,2026-04-20
CVE-2015-6175,NA,NA,NA,2026-04-20
CVE-2015-1671,NA,NA,NA,2026-04-20
CVE-2014-4148,8.8,HIGH,9.3,2026-04-20
CVE-2014-8439,NA,NA,NA,2026-04-20
CVE-2014-4123,NA,NA,NA,2026-04-20
CVE-2014-0546,NA,NA,NA,2026-04-20
CVE-2014-2817,NA,NA,NA,2026-04-20
CVE-2014-4077,NA,NA,NA,2026-04-20
CVE-2014-3153,NA,NA,NA,2026-04-20
CVE-2013-7331,6.5,MEDIUM,4.3,2026-04-20
CVE-2013-3993,NA,NA,NA,2026-04-20
CVE-2013-3896,NA,NA,NA,2026-04-20
CVE-2013-2423,NA,NA,NA,2026-04-20
CVE-2013-0431,NA,NA,NA,2026-04-20
CVE-2013-0422,NA,NA,NA,2026-04-20
CVE-2013-0074,NA,NA,NA,2026-04-20
CVE-2012-1710,NA,NA,NA,2026-04-20
CVE-2010-1428,7.5,HIGH,5,2026-04-20
CVE-2010-0840,NA,NA,NA,2026-04-20
CVE-2010-0738,NA,NA,NA,2026-04-20
CVE-2018-8611,NA,NA,NA,2026-04-20
CVE-2018-19953,NA,NA,NA,2026-04-20
CVE-2018-19949,NA,NA,NA,2026-04-20
CVE-2018-19943,NA,NA,NA,2026-04-20
CVE-2017-0147,7.5,HIGH,4.3,2026-04-20
CVE-2017-0022,NA,NA,NA,2026-04-20
CVE-2017-0005,NA,NA,NA,2026-04-20
CVE-2017-0149,NA,NA,NA,2026-04-20
CVE-2017-0210,NA,NA,NA,2026-04-20
CVE-2017-8291,NA,NA,NA,2026-04-20
CVE-2017-8543,NA,NA,NA,2026-04-20
CVE-2017-18362,NA,NA,NA,2026-04-20
CVE-2016-0162,4.3,MEDIUM,4.3,2026-04-20
CVE-2016-3351,NA,NA,NA,2026-04-20
CVE-2016-4655,NA,NA,NA,2026-04-20
CVE-2016-4656,NA,NA,NA,2026-04-20
CVE-2016-4657,NA,NA,NA,2026-04-20
CVE-2016-6366,NA,NA,NA,2026-04-20
CVE-2016-6367,NA,NA,NA,2026-04-20
CVE-2016-3298,6.5,MEDIUM,2.6,2026-04-20
CVE-2022-20821,NA,NA,NA,2026-04-20
CVE-2021-1048,NA,NA,NA,2026-04-20
CVE-2021-0920,NA,NA,NA,2026-04-20
CVE-2021-30883,NA,NA,NA,2026-04-20
CVE-2020-1027,NA,NA,NA,2026-04-20
CVE-2020-0638,NA,NA,NA,2026-04-20
CVE-2019-7286,NA,NA,NA,2026-04-20
CVE-2019-7287,7.8,HIGH,9.3,2026-04-20
CVE-2019-0676,NA,NA,NA,2026-04-20
CVE-2019-5786,NA,NA,NA,2026-04-20
CVE-2019-0703,NA,NA,NA,2026-04-20
CVE-2019-0880,NA,NA,NA,2026-04-20
CVE-2019-13720,NA,NA,NA,2026-04-20
CVE-2019-11707,NA,NA,NA,2026-04-20
CVE-2019-11708,10,CRITICAL,10,2026-04-20
CVE-2019-8720,NA,NA,NA,2026-04-20
CVE-2019-18426,NA,NA,NA,2026-04-20
CVE-2019-1385,NA,NA,NA,2026-04-20
CVE-2019-1130,NA,NA,NA,2026-04-20
CVE-2018-5002,NA,NA,NA,2026-04-20
CVE-2018-8589,NA,NA,NA,2026-04-20
CVE-2022-30525,NA,NA,NA,2026-04-20
CVE-2022-22947,10,CRITICAL,6.8,2026-04-20
CVE-2022-1388,NA,NA,NA,2026-04-20
CVE-2021-1789,NA,NA,NA,2026-04-20
CVE-2019-8506,NA,NA,NA,2026-04-20
CVE-2014-4113,NA,NA,NA,2026-04-20
CVE-2014-0322,NA,NA,NA,2026-04-20
CVE-2014-0160,NA,NA,NA,2026-04-20
CVE-2022-29464,9.8,CRITICAL,10,2026-04-20
CVE-2022-26904,NA,NA,NA,2026-04-20
CVE-2022-21919,NA,NA,NA,2026-04-20
CVE-2022-0847,NA,NA,NA,2026-04-20
CVE-2021-41357,NA,NA,NA,2026-04-20
CVE-2021-40450,NA,NA,NA,2026-04-20
CVE-2019-1003029,NA,NA,NA,2026-04-20
CVE-2018-6882,6.1,MEDIUM,4.3,2026-04-20
CVE-2019-3568,9.8,CRITICAL,7.5,2026-04-20
CVE-2022-22718,NA,NA,NA,2026-04-20
CVE-2022-22960,NA,NA,NA,2026-04-20
CVE-2022-1364,NA,NA,NA,2026-04-20
CVE-2019-3929,NA,NA,NA,2026-04-20
CVE-2019-16057,NA,NA,NA,2026-04-20
CVE-2018-7841,NA,NA,NA,2026-04-20
CVE-2016-4523,7.5,HIGH,5,2026-04-20
CVE-2014-0780,NA,NA,NA,2026-04-20
CVE-2010-5330,NA,NA,NA,2026-04-20
CVE-2007-3010,NA,NA,NA,2026-04-20
CVE-2022-22954,NA,NA,NA,2026-04-20
CVE-2022-24521,NA,NA,NA,2026-04-20
CVE-2018-7602,NA,NA,NA,2026-04-20
CVE-2018-20753,9.8,CRITICAL,7.5,2026-04-20
CVE-2015-5123,NA,NA,NA,2026-04-20
CVE-2015-5122,NA,NA,NA,2026-04-20
CVE-2015-3113,NA,NA,NA,2026-04-20
CVE-2015-2502,NA,NA,NA,2026-04-20
CVE-2015-0313,NA,NA,NA,2026-04-20
CVE-2015-0311,NA,NA,NA,2026-04-20
CVE-2014-9163,NA,NA,NA,2026-04-20
CVE-2022-23176,8.8,HIGH,9,2026-04-20
CVE-2021-42287,NA,NA,NA,2026-04-20
CVE-2021-42278,NA,NA,NA,2026-04-20
CVE-2021-39793,NA,NA,NA,2026-04-20
CVE-2021-27852,NA,NA,NA,2026-04-20
CVE-2021-22600,NA,NA,NA,2026-04-20
CVE-2020-2509,NA,NA,NA,2026-04-20
CVE-2017-11317,9.8,CRITICAL,7.5,2026-04-20
CVE-2021-3156,NA,NA,NA,2026-04-20
CVE-2021-31166,NA,NA,NA,2026-04-20
CVE-2017-0148,NA,NA,NA,2026-04-20
CVE-2022-22965,NA,NA,NA,2026-04-20
CVE-2022-22675,NA,NA,NA,2026-04-20
CVE-2022-22674,NA,NA,NA,2026-04-20
CVE-2021-45382,9.8,CRITICAL,10,2026-04-20
CVE-2022-26871,NA,NA,NA,2026-04-20
CVE-2022-1040,NA,NA,NA,2026-04-20
CVE-2021-34484,NA,NA,NA,2026-04-20
CVE-2021-28799,NA,NA,NA,2026-04-20
CVE-2021-21551,NA,NA,NA,2026-04-20
CVE-2018-10562,NA,NA,NA,2026-04-20
CVE-2018-10561,NA,NA,NA,2026-04-20
CVE-2022-1096,8.8,HIGH,NA,2026-04-20
CVE-2022-0543,NA,NA,NA,2026-04-20
CVE-2021-38646,NA,NA,NA,2026-04-20
CVE-2021-34486,NA,NA,NA,2026-04-20
CVE-2021-26085,NA,NA,NA,2026-04-20
CVE-2021-20028,NA,NA,NA,2026-04-20
CVE-2019-7483,NA,NA,NA,2026-04-20
CVE-2018-8440,7.8,HIGH,7.2,2026-04-20
CVE-2018-8406,NA,NA,NA,2026-04-20
CVE-2018-8405,NA,NA,NA,2026-04-20
CVE-2017-0213,NA,NA,NA,2026-04-20
CVE-2017-0059,NA,NA,NA,2026-04-20
CVE-2017-0037,NA,NA,NA,2026-04-20
CVE-2016-7201,NA,NA,NA,2026-04-20
CVE-2016-7200,NA,NA,NA,2026-04-20
CVE-2016-0189,7.5,HIGH,7.6,2026-04-20
CVE-2016-0151,NA,NA,NA,2026-04-20
CVE-2016-0040,NA,NA,NA,2026-04-20
CVE-2015-2426,NA,NA,NA,2026-04-20
CVE-2015-2419,NA,NA,NA,2026-04-20
CVE-2015-1770,NA,NA,NA,2026-04-20
CVE-2013-3660,NA,NA,NA,2026-04-20
CVE-2013-2729,9.8,CRITICAL,10,2026-04-20
CVE-2013-2551,NA,NA,NA,2026-04-20
CVE-2013-2465,NA,NA,NA,2026-04-20
CVE-2013-1690,NA,NA,NA,2026-04-20
CVE-2012-5076,NA,NA,NA,2026-04-20
CVE-2012-2539,NA,NA,NA,2026-04-20
CVE-2012-2034,NA,NA,NA,2026-04-20
CVE-2012-0518,NA,NA,NA,2026-04-20
CVE-2011-2005,7.8,HIGH,7.2,2026-04-20
CVE-2010-4398,NA,NA,NA,2026-04-20
CVE-2022-26318,NA,NA,NA,2026-04-20
CVE-2022-26143,NA,NA,NA,2026-04-20
CVE-2022-21999,NA,NA,NA,2026-04-20
CVE-2021-42237,NA,NA,NA,2026-04-20
CVE-2021-22941,NA,NA,NA,2026-04-20
CVE-2020-9377,8.8,HIGH,6.5,2026-04-20
CVE-2020-9054,NA,NA,NA,2026-04-20
CVE-2020-7247,NA,NA,NA,2026-04-20
CVE-2020-5410,NA,NA,NA,2026-04-20
CVE-2020-25223,NA,NA,NA,2026-04-20
CVE-2020-2506,NA,NA,NA,2026-04-20
CVE-2020-2021,NA,NA,NA,2026-04-20
CVE-2020-1956,NA,NA,NA,2026-04-20
CVE-2020-1631,8.8,HIGH,6.8,2026-04-20
CVE-2019-6340,NA,NA,NA,2026-04-20
CVE-2019-2616,NA,NA,NA,2026-04-20
CVE-2019-16920,NA,NA,NA,2026-04-20
CVE-2019-15107,NA,NA,NA,2026-04-20
CVE-2019-12991,NA,NA,NA,2026-04-20
CVE-2019-12989,9.8,CRITICAL,7.5,2026-04-20
CVE-2019-11043,NA,NA,NA,2026-04-20
CVE-2019-10068,NA,NA,NA,2026-04-20
CVE-2019-1003030,NA,NA,NA,2026-04-20
CVE-2019-0903,NA,NA,NA,2026-04-20
CVE-2018-8414,NA,NA,NA,2026-04-20
CVE-2018-8373,NA,NA,NA,2026-04-20
CVE-2018-6961,NA,NA,NA,2026-04-20
CVE-2018-14839,9.8,CRITICAL,7.5,2026-04-20
CVE-2018-1273,NA,NA,NA,2026-04-20
CVE-2018-11138,NA,NA,NA,2026-04-20
CVE-2018-0147,NA,NA,NA,2026-04-20
CVE-2018-0125,NA,NA,NA,2026-04-20
CVE-2017-6334,NA,NA,NA,2026-04-20
CVE-2017-6316,NA,NA,NA,2026-04-20
CVE-2017-3881,9.8,CRITICAL,10,2026-04-20
CVE-2017-12617,NA,NA,NA,2026-04-20
CVE-2017-12615,NA,NA,NA,2026-04-20
CVE-2017-0146,NA,NA,NA,2026-04-20
CVE-2016-7892,NA,NA,NA,2026-04-20
CVE-2016-4171,NA,NA,NA,2026-04-20
CVE-2016-1555,NA,NA,NA,2026-04-20
CVE-2016-11021,7.2,HIGH,9,2026-04-20
CVE-2016-10174,NA,NA,NA,2026-04-20
CVE-2016-0752,NA,NA,NA,2026-04-20
CVE-2015-4068,NA,NA,NA,2026-04-20
CVE-2015-3035,NA,NA,NA,2026-04-20
CVE-2015-1427,NA,NA,NA,2026-04-20
CVE-2015-1187,NA,NA,NA,2026-04-20
CVE-2015-0666,7.5,HIGH,7.8,2026-04-20
CVE-2014-6332,NA,NA,NA,2026-04-20
CVE-2014-6324,NA,NA,NA,2026-04-20
CVE-2014-6287,NA,NA,NA,2026-04-20
CVE-2014-3120,NA,NA,NA,2026-04-20
CVE-2014-0130,NA,NA,NA,2026-04-20
CVE-2013-5223,NA,NA,NA,2026-04-20
CVE-2013-4810,NA,NA,NA,2026-04-20
CVE-2013-2251,9.8,CRITICAL,9.3,2026-04-20
CVE-2012-1823,NA,NA,NA,2026-04-20
CVE-2010-4345,NA,NA,NA,2026-04-20
CVE-2010-4344,NA,NA,NA,2026-04-20
CVE-2010-3035,NA,NA,NA,2026-04-20
CVE-2010-2861,NA,NA,NA,2026-04-20
CVE-2009-2055,NA,NA,NA,2026-04-20
CVE-2009-1151,9.8,CRITICAL,7.5,2026-04-20
CVE-2009-0927,NA,NA,NA,2026-04-20
CVE-2005-2773,NA,NA,NA,2026-04-20
CVE-2020-5135,NA,NA,NA,2026-04-20
CVE-2019-1405,NA,NA,NA,2026-04-20
CVE-2019-1322,NA,NA,NA,2026-04-20
CVE-2019-1315,NA,NA,NA,2026-04-20
CVE-2019-1253,NA,NA,NA,2026-04-20
CVE-2019-1132,7.8,HIGH,7.2,2026-04-20
CVE-2019-1129,NA,NA,NA,2026-04-20
CVE-2019-1069,NA,NA,NA,2026-04-20
CVE-2019-1064,NA,NA,NA,2026-04-20
CVE-2019-0841,NA,NA,NA,2026-04-20
CVE-2019-0543,NA,NA,NA,2026-04-20
CVE-2018-8120,NA,NA,NA,2026-04-20
CVE-2017-0101,7.8,HIGH,6.8,2026-04-20
CVE-2016-3309,NA,NA,NA,2026-04-20
CVE-2015-2546,NA,NA,NA,2026-04-20
CVE-2022-26486,NA,NA,NA,2026-04-20
CVE-2022-26485,NA,NA,NA,2026-04-20
CVE-2021-21973,NA,NA,NA,2026-04-20
CVE-2020-8218,NA,NA,NA,2026-04-20
CVE-2019-11581,NA,NA,NA,2026-04-20
CVE-2017-6077,9.8,CRITICAL,10,2026-04-20
CVE-2016-6277,NA,NA,NA,2026-04-20
CVE-2013-0631,NA,NA,NA,2026-04-20
CVE-2013-0629,NA,NA,NA,2026-04-20
CVE-2013-0625,NA,NA,NA,2026-04-20
CVE-2009-3960,NA,NA,NA,2026-04-20
CVE-2022-20708,NA,NA,NA,2026-04-20
CVE-2022-20703,10,CRITICAL,7.2,2026-04-20
CVE-2022-20701,NA,NA,NA,2026-04-20
CVE-2022-20700,NA,NA,NA,2026-04-20
CVE-2022-20699,NA,NA,NA,2026-04-20
CVE-2021-41379,NA,NA,NA,2026-04-20
CVE-2020-1938,NA,NA,NA,2026-04-20
CVE-2020-11899,NA,NA,NA,2026-04-20
CVE-2019-16928,9.8,CRITICAL,7.5,2026-04-20
CVE-2019-1652,NA,NA,NA,2026-04-20
CVE-2019-1297,NA,NA,NA,2026-04-20
CVE-2018-8581,NA,NA,NA,2026-04-20
CVE-2018-8298,NA,NA,NA,2026-04-20
CVE-2018-0180,NA,NA,NA,2026-04-20
CVE-2018-0179,NA,NA,NA,2026-04-20
CVE-2018-0175,NA,NA,NA,2026-04-20
CVE-2018-0174,8.6,HIGH,7.8,2026-04-20
CVE-2018-0173,NA,NA,NA,2026-04-20
CVE-2018-0172,NA,NA,NA,2026-04-20
CVE-2018-0167,NA,NA,NA,2026-04-20
CVE-2018-0161,NA,NA,NA,2026-04-20
CVE-2018-0159,NA,NA,NA,2026-04-20
CVE-2018-0158,NA,NA,NA,2026-04-20
CVE-2018-0156,7.5,HIGH,7.8,2026-04-20
CVE-2018-0155,NA,NA,NA,2026-04-20
CVE-2018-0154,NA,NA,NA,2026-04-20
CVE-2018-0151,NA,NA,NA,2026-04-20
CVE-2017-8540,NA,NA,NA,2026-04-20
CVE-2017-6744,NA,NA,NA,2026-04-20
CVE-2017-6743,8.8,HIGH,9,2026-04-20
CVE-2017-6740,NA,NA,NA,2026-04-20
CVE-2017-6739,NA,NA,NA,2026-04-20
CVE-2017-6738,NA,NA,NA,2026-04-20
CVE-2017-6737,NA,NA,NA,2026-04-20
CVE-2017-6736,NA,NA,NA,2026-04-20
CVE-2017-6663,NA,NA,NA,2026-04-20
CVE-2017-6627,7.5,HIGH,5,2026-04-20
CVE-2017-12319,NA,NA,NA,2026-04-20
CVE-2017-12240,NA,NA,NA,2026-04-20
CVE-2017-12238,NA,NA,NA,2026-04-20
CVE-2017-12237,NA,NA,NA,2026-04-20
CVE-2017-12235,NA,NA,NA,2026-04-20
CVE-2017-12234,NA,NA,NA,2026-04-20
CVE-2017-12233,7.5,HIGH,7.8,2026-04-20
CVE-2017-12232,NA,NA,NA,2026-04-20
CVE-2017-12231,NA,NA,NA,2026-04-20
CVE-2017-11826,NA,NA,NA,2026-04-20
CVE-2017-11292,NA,NA,NA,2026-04-20
CVE-2017-0261,NA,NA,NA,2026-04-20
CVE-2017-0001,NA,NA,NA,2026-04-20
CVE-2016-8562,NA,NA,NA,2026-04-20
CVE-2016-7855,8.8,HIGH,9.3,2026-04-20
CVE-2016-7262,NA,NA,NA,2026-04-20
CVE-2016-7193,NA,NA,NA,2026-04-20
CVE-2016-5195,NA,NA,NA,2026-04-20
CVE-2016-4117,NA,NA,NA,2026-04-20
CVE-2016-1019,NA,NA,NA,2026-04-20
CVE-2016-0099,7.8,HIGH,7.2,2026-04-20
CVE-2015-7645,NA,NA,NA,2026-04-20
CVE-2015-5119,NA,NA,NA,2026-04-20
CVE-2015-4902,NA,NA,NA,2026-04-20
CVE-2015-3043,NA,NA,NA,2026-04-20
CVE-2015-2590,NA,NA,NA,2026-04-20
CVE-2015-2545,NA,NA,NA,2026-04-20
CVE-2015-2424,NA,NA,NA,2026-04-20
CVE-2015-2387,7.8,HIGH,7.2,2026-04-20
CVE-2015-1701,NA,NA,NA,2026-04-20
CVE-2015-1642,NA,NA,NA,2026-04-20
CVE-2014-4114,NA,NA,NA,2026-04-20
CVE-2014-0496,NA,NA,NA,2026-04-20
CVE-2013-5065,NA,NA,NA,2026-04-20
CVE-2013-3897,NA,NA,NA,2026-04-20
CVE-2013-3346,9.8,CRITICAL,10,2026-04-20
CVE-2013-1675,NA,NA,NA,2026-04-20
CVE-2013-1347,NA,NA,NA,2026-04-20
CVE-2013-0641,NA,NA,NA,2026-04-20
CVE-2013-0640,NA,NA,NA,2026-04-20
CVE-2013-0632,NA,NA,NA,2026-04-20
CVE-2012-4681,NA,NA,NA,2026-04-20
CVE-2012-1856,NA,NA,NA,2026-04-20
CVE-2012-1723,9.8,CRITICAL,10,2026-04-20
CVE-2012-1535,NA,NA,NA,2026-04-20
CVE-2012-0507,NA,NA,NA,2026-04-20
CVE-2011-3544,NA,NA,NA,2026-04-20
CVE-2011-1889,NA,NA,NA,2026-04-20
CVE-2011-0611,NA,NA,NA,2026-04-20
CVE-2010-3333,NA,NA,NA,2026-04-20
CVE-2010-0232,7.8,HIGH,7.2,2026-04-20
CVE-2010-0188,NA,NA,NA,2026-04-20
CVE-2009-3129,NA,NA,NA,2026-04-20
CVE-2009-1123,NA,NA,NA,2026-04-20
CVE-2008-3431,NA,NA,NA,2026-04-20
CVE-2008-2992,NA,NA,NA,2026-04-20
CVE-2004-0210,NA,NA,NA,2026-04-20
CVE-2002-0367,NA,NA,NA,2026-04-20
CVE-2022-24682,6.1,MEDIUM,4.3,2026-04-20
CVE-2017-8570,NA,NA,NA,2026-04-20
CVE-2017-0222,NA,NA,NA,2026-04-20
CVE-2014-6352,NA,NA,NA,2026-04-20
CVE-2022-23131,NA,NA,NA,2026-04-20
CVE-2022-23134,NA,NA,NA,2026-04-20
CVE-2022-24086,NA,NA,NA,2026-04-20
CVE-2022-0609,8.8,HIGH,6.8,2026-04-20
CVE-2019-0752,NA,NA,NA,2026-04-20
CVE-2018-8174,NA,NA,NA,2026-04-20
CVE-2018-20250,NA,NA,NA,2026-04-20
CVE-2018-15982,NA,NA,NA,2026-04-20
CVE-2017-9841,NA,NA,NA,2026-04-20
CVE-2014-1761,NA,NA,NA,2026-04-20
CVE-2013-3906,7.8,HIGH,9.3,2026-04-20
CVE-2022-22620,NA,NA,NA,2026-04-20
CVE-2021-36934,NA,NA,NA,2026-04-20
CVE-2020-0796,NA,NA,NA,2026-04-20
CVE-2018-1000861,NA,NA,NA,2026-04-20
CVE-2017-9791,NA,NA,NA,2026-04-20
CVE-2017-8464,NA,NA,NA,2026-04-20
CVE-2017-10271,NA,NA,NA,2026-04-20
CVE-2017-0263,7.8,HIGH,7.2,2026-04-20
CVE-2017-0262,NA,NA,NA,2026-04-20
CVE-2017-0145,NA,NA,NA,2026-04-20
CVE-2017-0144,NA,NA,NA,2026-04-20
CVE-2016-3088,NA,NA,NA,2026-04-20
CVE-2015-2051,NA,NA,NA,2026-04-20
CVE-2015-1635,NA,NA,NA,2026-04-20
CVE-2015-1130,7.8,HIGH,7.2,2026-04-20
CVE-2014-4404,NA,NA,NA,2026-04-20
CVE-2022-21882,NA,NA,NA,2026-04-20
CVE-2022-22587,NA,NA,NA,2026-04-20
CVE-2021-20038,NA,NA,NA,2026-04-20
CVE-2020-5722,NA,NA,NA,2026-04-20
CVE-2020-0787,NA,NA,NA,2026-04-20
CVE-2017-5689,9.8,CRITICAL,10,2026-04-20
CVE-2014-1776,NA,NA,NA,2026-04-20
CVE-2014-6271,NA,NA,NA,2026-04-20
CVE-2014-7169,NA,NA,NA,2026-04-20
CVE-2006-1547,NA,NA,NA,2026-04-20
CVE-2012-0391,NA,NA,NA,2026-04-20
CVE-2018-8453,NA,NA,NA,2026-04-20
CVE-2021-35247,NA,NA,NA,2026-04-20
CVE-2021-32648,8.2,HIGH,6.4,2026-04-20
CVE-2021-25296,NA,NA,NA,2026-04-20
CVE-2021-25297,NA,NA,NA,2026-04-20
CVE-2021-25298,NA,NA,NA,2026-04-20
CVE-2021-40870,NA,NA,NA,2026-04-20
CVE-2021-33766,NA,NA,NA,2026-04-20
CVE-2021-21975,NA,NA,NA,2026-04-20
CVE-2021-21315,7.1,HIGH,4.6,2026-04-20
CVE-2021-22991,NA,NA,NA,2026-04-20
CVE-2020-14864,NA,NA,NA,2026-04-20
CVE-2020-13671,NA,NA,NA,2026-04-20
CVE-2020-11978,NA,NA,NA,2026-04-20
CVE-2020-13927,NA,NA,NA,2026-04-20
CVE-2021-22017,NA,NA,NA,2026-04-20
CVE-2021-36260,NA,NA,NA,2026-04-20
CVE-2020-6572,8.8,HIGH,9.3,2026-04-20
CVE-2019-1458,NA,NA,NA,2026-04-20
CVE-2013-3900,NA,NA,NA,2026-04-20
CVE-2019-2725,NA,NA,NA,2026-04-20
CVE-2019-9670,NA,NA,NA,2026-04-20
CVE-2018-13382,NA,NA,NA,2026-04-20
CVE-2018-13383,NA,NA,NA,2026-04-20
CVE-2019-1579,8.1,HIGH,6.8,2026-04-20
CVE-2019-10149,NA,NA,NA,2026-04-20
CVE-2015-7450,NA,NA,NA,2026-04-20
CVE-2017-1000486,NA,NA,NA,2026-04-20
CVE-2019-7609,NA,NA,NA,2026-04-20
CVE-2021-27860,NA,NA,NA,2026-04-20
CVE-2021-43890,NA,NA,NA,2026-04-20
CVE-2021-4102,8.8,HIGH,6.8,2026-04-20
CVE-2021-44515,NA,NA,NA,2026-04-20
CVE-2019-13272,NA,NA,NA,2026-04-20
CVE-2021-35394,NA,NA,NA,2026-04-20
CVE-2019-7238,NA,NA,NA,2026-04-20
CVE-2019-0193,NA,NA,NA,2026-04-20
CVE-2021-44168,NA,NA,NA,2026-04-20
CVE-2017-17562,NA,NA,NA,2026-04-20
CVE-2017-12149,9.8,CRITICAL,7.5,2026-04-20
CVE-2010-1871,NA,NA,NA,2026-04-20
CVE-2020-17463,NA,NA,NA,2026-04-20
CVE-2020-8816,NA,NA,NA,2026-04-20
CVE-2019-10758,NA,NA,NA,2026-04-20
CVE-2021-44228,NA,NA,NA,2026-04-20
CVE-2020-11261,NA,NA,NA,2026-04-20
CVE-2018-14847,9.1,CRITICAL,6.4,2026-04-20
CVE-2021-37415,NA,NA,NA,2026-04-20
CVE-2021-40438,NA,NA,NA,2026-04-20
CVE-2021-44077,NA,NA,NA,2026-04-20
CVE-2021-22204,NA,NA,NA,2026-04-20
CVE-2021-40449,NA,NA,NA,2026-04-20
CVE-2021-42321,NA,NA,NA,2026-04-20
CVE-2021-42292,NA,NA,NA,2026-04-20
CVE-2021-27104,9.8,CRITICAL,10,2026-04-20
CVE-2021-27102,NA,NA,NA,2026-04-20
CVE-2021-27101,NA,NA,NA,2026-04-20
CVE-2021-27103,NA,NA,NA,2026-04-20
CVE-2021-21017,NA,NA,NA,2026-04-20
CVE-2021-28550,NA,NA,NA,2026-04-20
CVE-2018-4939,NA,NA,NA,2026-04-20
CVE-2018-15961,9.8,CRITICAL,10,2026-04-20
CVE-2018-4878,NA,NA,NA,2026-04-20
CVE-2020-5735,NA,NA,NA,2026-04-20
CVE-2019-2215,NA,NA,NA,2026-04-20
CVE-2020-0041,NA,NA,NA,2026-04-20
CVE-2020-0069,NA,NA,NA,2026-04-20
CVE-2017-9805,NA,NA,NA,2026-04-20
CVE-2021-42013,NA,NA,NA,2026-04-20
CVE-2021-41773,9.8,CRITICAL,4.3,2026-04-20
CVE-2019-0211,NA,NA,NA,2026-04-20
CVE-2016-4437,NA,NA,NA,2026-04-20
CVE-2019-17558,NA,NA,NA,2026-04-20
CVE-2020-17530,NA,NA,NA,2026-04-20
CVE-2017-5638,NA,NA,NA,2026-04-20
CVE-2018-11776,NA,NA,NA,2026-04-20
CVE-2021-30858,8.8,HIGH,6.8,2026-04-20
CVE-2019-6223,NA,NA,NA,2026-04-20
CVE-2021-30860,NA,NA,NA,2026-04-20
CVE-2020-27930,NA,NA,NA,2026-04-20
CVE-2021-30807,NA,NA,NA,2026-04-20
CVE-2020-27950,NA,NA,NA,2026-04-20
CVE-2020-27932,NA,NA,NA,2026-04-20
CVE-2020-9818,8.8,HIGH,6.8,2026-04-20
CVE-2020-9819,NA,NA,NA,2026-04-20
CVE-2021-30762,NA,NA,NA,2026-04-20
CVE-2021-1782,NA,NA,NA,2026-04-20
CVE-2021-1870,NA,NA,NA,2026-04-20
CVE-2021-1871,NA,NA,NA,2026-04-20
CVE-2021-1879,NA,NA,NA,2026-04-20
CVE-2021-30661,NA,NA,NA,2026-04-20
CVE-2021-30666,8.8,HIGH,6.8,2026-04-20
CVE-2021-30713,NA,NA,NA,2026-04-20
CVE-2021-30657,NA,NA,NA,2026-04-20
CVE-2021-30665,NA,NA,NA,2026-04-20
CVE-2021-30663,NA,NA,NA,2026-04-20
CVE-2021-30761,NA,NA,NA,2026-04-20
CVE-2021-30869,NA,NA,NA,2026-04-20
CVE-2020-9859,7.8,HIGH,7.2,2026-04-20
CVE-2021-20090,NA,NA,NA,2026-04-20
CVE-2021-27562,NA,NA,NA,2026-04-20
CVE-2021-28664,NA,NA,NA,2026-04-20
CVE-2021-28663,NA,NA,NA,2026-04-20
CVE-2019-3398,8.8,HIGH,9,2026-04-20
CVE-2021-26084,NA,NA,NA,2026-04-20
CVE-2019-11580,NA,NA,NA,2026-04-20
CVE-2019-3396,NA,NA,NA,2026-04-20
CVE-2021-42258,NA,NA,NA,2026-04-20
CVE-2020-3452,NA,NA,NA,2026-04-20
CVE-2020-3580,NA,NA,NA,2026-04-20
CVE-2021-1497,NA,NA,NA,2026-04-20
CVE-2021-1498,9.8,CRITICAL,7.5,2026-04-20
CVE-2018-0171,NA,NA,NA,2026-04-20
CVE-2020-3118,NA,NA,NA,2026-04-20
CVE-2020-3566,NA,NA,NA,2026-04-20
CVE-2020-3569,NA,NA,NA,2026-04-20
CVE-2020-3161,NA,NA,NA,2026-04-20
CVE-2019-1653,NA,NA,NA,2026-04-20
CVE-2018-0296,7.5,HIGH,5,2026-04-20
CVE-2019-13608,NA,NA,NA,2026-04-20
CVE-2020-8193,NA,NA,NA,2026-04-20
CVE-2020-8195,NA,NA,NA,2026-04-20
CVE-2020-8196,NA,NA,NA,2026-04-20
CVE-2019-19781,NA,NA,NA,2026-04-20
CVE-2019-11634,NA,NA,NA,2026-04-20
CVE-2020-29557,9.8,CRITICAL,10,2026-04-20
CVE-2020-25506,NA,NA,NA,2026-04-20
CVE-2018-15811,NA,NA,NA,2026-04-20
CVE-2018-18325,NA,NA,NA,2026-04-20
CVE-2017-9822,NA,NA,NA,2026-04-20
CVE-2019-15752,NA,NA,NA,2026-04-20
CVE-2020-8515,NA,NA,NA,2026-04-20
CVE-2018-7600,NA,NA,NA,2026-04-20
CVE-2021-22205,10,CRITICAL,7.5,2026-04-20
CVE-2018-6789,9.8,CRITICAL,7.5,2026-04-20
CVE-2020-8657,NA,NA,NA,2026-04-20
CVE-2020-8655,NA,NA,NA,2026-04-20
CVE-2020-5902,NA,NA,NA,2026-04-20
CVE-2021-22986,NA,NA,NA,2026-04-20
CVE-2021-35464,9.8,CRITICAL,10,2026-04-20
CVE-2019-5591,NA,NA,NA,2026-04-20
CVE-2020-12812,NA,NA,NA,2026-04-20
CVE-2018-13379,NA,NA,NA,2026-04-20
CVE-2020-16010,NA,NA,NA,2026-04-20
CVE-2020-15999,NA,NA,NA,2026-04-20
CVE-2021-21166,NA,NA,NA,2026-04-20
CVE-2020-16017,9.6,CRITICAL,6.8,2026-04-20
CVE-2021-37976,NA,NA,NA,2026-04-20
CVE-2020-16009,NA,NA,NA,2026-04-20
CVE-2021-30632,NA,NA,NA,2026-04-20
CVE-2020-16013,NA,NA,NA,2026-04-20
CVE-2021-30633,NA,NA,NA,2026-04-20
CVE-2021-21148,NA,NA,NA,2026-04-20
CVE-2021-37973,9.6,CRITICAL,6.8,2026-04-20
CVE-2021-30551,NA,NA,NA,2026-04-20
CVE-2021-37975,NA,NA,NA,2026-04-20
CVE-2020-6418,NA,NA,NA,2026-04-20
CVE-2021-30554,NA,NA,NA,2026-04-20
CVE-2021-21206,NA,NA,NA,2026-04-20
CVE-2021-38000,NA,NA,NA,2026-04-20
CVE-2021-38003,8.8,HIGH,6.8,2026-04-20
CVE-2021-21224,NA,NA,NA,2026-04-20
CVE-2021-21193,NA,NA,NA,2026-04-20
CVE-2021-21220,NA,NA,NA,2026-04-20
CVE-2021-30563,NA,NA,NA,2026-04-20
CVE-2020-4430,NA,NA,NA,2026-04-20
CVE-2020-4427,NA,NA,NA,2026-04-20
CVE-2020-4428,NA,NA,NA,2026-04-20
CVE-2019-4716,9.8,CRITICAL,10,2026-04-20
CVE-2016-3715,NA,NA,NA,2026-04-20
CVE-2016-3718,NA,NA,NA,2026-04-20
CVE-2020-15505,NA,NA,NA,2026-04-20
CVE-2021-30116,NA,NA,NA,2026-04-20
CVE-2020-7961,NA,NA,NA,2026-04-20
CVE-2021-23874,NA,NA,NA,2026-04-20
CVE-2021-22506,7.5,HIGH,5,2026-04-20
CVE-2021-22502,NA,NA,NA,2026-04-20
CVE-2014-1812,NA,NA,NA,2026-04-20
CVE-2021-38647,NA,NA,NA,2026-04-20
CVE-2016-0167,NA,NA,NA,2026-04-20
CVE-2020-0878,NA,NA,NA,2026-04-20
CVE-2021-31955,NA,NA,NA,2026-04-20
CVE-2021-1647,NA,NA,NA,2026-04-20
CVE-2021-33739,8.4,HIGH,4.6,2026-04-20
CVE-2016-0185,NA,NA,NA,2026-04-20
CVE-2020-0683,NA,NA,NA,2026-04-20
CVE-2020-17087,NA,NA,NA,2026-04-20
CVE-2021-33742,NA,NA,NA,2026-04-20
CVE-2021-31199,NA,NA,NA,2026-04-20
CVE-2021-33771,NA,NA,NA,2026-04-20
CVE-2021-31956,7.8,HIGH,9.3,2026-04-20
CVE-2021-31201,NA,NA,NA,2026-04-20
CVE-2021-31979,NA,NA,NA,2026-04-20
CVE-2020-0938,NA,NA,NA,2026-04-20
CVE-2020-17144,NA,NA,NA,2026-04-20
CVE-2020-0986,NA,NA,NA,2026-04-20
CVE-2020-1020,NA,NA,NA,2026-04-20
CVE-2021-38645,7.8,HIGH,4.6,2026-04-20
CVE-2021-34523,NA,NA,NA,2026-04-20
CVE-2017-7269,NA,NA,NA,2026-04-20
CVE-2021-36948,NA,NA,NA,2026-04-20
CVE-2021-38649,NA,NA,NA,2026-04-20
CVE-2020-0688,NA,NA,NA,2026-04-20
CVE-2017-0143,NA,NA,NA,2026-04-20
CVE-2016-7255,NA,NA,NA,2026-04-20
CVE-2019-0708,9.8,CRITICAL,10,2026-04-20
CVE-2021-34473,NA,NA,NA,2026-04-20
CVE-2020-1464,NA,NA,NA,2026-04-20
CVE-2021-1732,NA,NA,NA,2026-04-20
CVE-2021-34527,NA,NA,NA,2026-04-20
CVE-2021-31207,NA,NA,NA,2026-04-20
CVE-2019-0803,NA,NA,NA,2026-04-20
CVE-2020-1040,9,CRITICAL,7.7,2026-04-20
CVE-2021-28310,NA,NA,NA,2026-04-20
CVE-2020-1350,NA,NA,NA,2026-04-20
CVE-2021-26411,NA,NA,NA,2026-04-20
CVE-2019-0859,NA,NA,NA,2026-04-20
CVE-2021-40444,NA,NA,NA,2026-04-20
CVE-2017-8759,NA,NA,NA,2026-04-20
CVE-2018-8653,7.5,HIGH,7.6,2026-04-20
CVE-2019-0797,NA,NA,NA,2026-04-20
CVE-2021-36942,NA,NA,NA,2026-04-20
CVE-2019-1215,NA,NA,NA,2026-04-20
CVE-2018-0798,NA,NA,NA,2026-04-20
CVE-2018-0802,NA,NA,NA,2026-04-20
CVE-2012-0158,NA,NA,NA,2026-04-20
CVE-2015-1641,NA,NA,NA,2026-04-20
CVE-2021-27085,8.8,HIGH,7.6,2026-04-20
CVE-2019-0541,NA,NA,NA,2026-04-20
CVE-2017-11882,NA,NA,NA,2026-04-20
CVE-2020-0674,NA,NA,NA,2026-04-20
CVE-2021-27059,NA,NA,NA,2026-04-20
CVE-2019-1367,NA,NA,NA,2026-04-20
CVE-2017-0199,NA,NA,NA,2026-04-20
CVE-2020-1380,7.8,HIGH,7.6,2026-04-20
CVE-2019-1429,NA,NA,NA,2026-04-20
CVE-2017-11774,NA,NA,NA,2026-04-20
CVE-2020-0968,NA,NA,NA,2026-04-20
CVE-2020-1472,NA,NA,NA,2026-04-20
CVE-2021-26855,NA,NA,NA,2026-04-20
CVE-2021-26858,NA,NA,NA,2026-04-20
CVE-2021-27065,NA,NA,NA,2026-04-20
CVE-2020-1054,7.8,HIGH,7.2,2026-04-20
CVE-2021-1675,NA,NA,NA,2026-04-20
CVE-2021-34448,NA,NA,NA,2026-04-20
CVE-2020-0601,NA,NA,NA,2026-04-20
CVE-2019-0604,NA,NA,NA,2026-04-20
CVE-2020-0646,NA,NA,NA,2026-04-20
CVE-2019-0808,NA,NA,NA,2026-04-20
CVE-2021-26857,7.8,HIGH,6.8,2026-04-20
CVE-2020-1147,NA,NA,NA,2026-04-20
CVE-2019-1214,NA,NA,NA,2026-04-20
CVE-2016-3235,NA,NA,NA,2026-04-20
CVE-2019-0863,NA,NA,NA,2026-04-20
CVE-2021-36955,NA,NA,NA,2026-04-20
CVE-2021-38648,NA,NA,NA,2026-04-20
CVE-2020-6819,8.1,HIGH,6.8,2026-04-20
CVE-2020-6820,NA,NA,NA,2026-04-20
CVE-2019-17026,NA,NA,NA,2026-04-20
CVE-2019-15949,NA,NA,NA,2026-04-20
CVE-2020-26919,NA,NA,NA,2026-04-20
CVE-2019-19356,NA,NA,NA,2026-04-20
CVE-2020-2555,NA,NA,NA,2026-04-20
CVE-2012-3152,NA,NA,NA,2026-04-20
CVE-2020-14871,10,CRITICAL,10,2026-04-20
CVE-2015-4852,NA,NA,NA,2026-04-20
CVE-2020-14750,NA,NA,NA,2026-04-20
CVE-2020-14882,NA,NA,NA,2026-04-20
CVE-2020-14883,NA,NA,NA,2026-04-20
CVE-2020-8644,NA,NA,NA,2026-04-20
CVE-2019-18935,NA,NA,NA,2026-04-20
CVE-2021-22893,10,CRITICAL,7.5,2026-04-20
CVE-2020-8243,NA,NA,NA,2026-04-20
CVE-2021-22900,NA,NA,NA,2026-04-20
CVE-2021-22894,NA,NA,NA,2026-04-20
CVE-2020-8260,NA,NA,NA,2026-04-20
CVE-2021-22899,NA,NA,NA,2026-04-20
CVE-2019-11510,10,CRITICAL,7.5,2026-04-20
CVE-2019-11539,NA,NA,NA,2026-04-20
CVE-2021-1906,NA,NA,NA,2026-04-20
CVE-2021-1905,NA,NA,NA,2026-04-20
CVE-2020-10221,NA,NA,NA,2026-04-20
CVE-2021-35395,NA,NA,NA,2026-04-20
CVE-2017-16651,NA,NA,NA,2026-04-20
CVE-2020-11652,NA,NA,NA,2026-04-20
CVE-2020-11651,9.8,CRITICAL,7.5,2026-04-20
CVE-2020-16846,NA,NA,NA,2026-04-20
CVE-2018-2380,NA,NA,NA,2026-04-20
CVE-2010-5326,NA,NA,NA,2026-04-20
CVE-2016-9563,NA,NA,NA,2026-04-20
CVE-2020-6287,NA,NA,NA,2026-04-20
CVE-2020-6207,NA,NA,NA,2026-04-20
CVE-2016-3976,7.5,HIGH,5,2026-04-20
CVE-2019-16256,NA,NA,NA,2026-04-20
CVE-2020-10148,NA,NA,NA,2026-04-20
CVE-2021-35211,NA,NA,NA,2026-04-20
CVE-2016-3643,NA,NA,NA,2026-04-20
CVE-2020-10199,NA,NA,NA,2026-04-20
CVE-2021-20021,NA,NA,NA,2026-04-20
CVE-2019-7481,NA,NA,NA,2026-04-20
CVE-2021-20022,7.2,HIGH,7.5,2026-04-20
CVE-2021-20023,NA,NA,NA,2026-04-20
CVE-2021-20016,NA,NA,NA,2026-04-20
CVE-2020-12271,NA,NA,NA,2026-04-20
CVE-2020-10181,NA,NA,NA,2026-04-20
CVE-2017-6327,NA,NA,NA,2026-04-20
CVE-2019-18988,NA,NA,NA,2026-04-20
CVE-2017-9248,9.8,CRITICAL,7.5,2026-04-20
CVE-2021-31755,NA,NA,NA,2026-04-20
CVE-2020-10987,NA,NA,NA,2026-04-20
CVE-2018-14558,NA,NA,NA,2026-04-20
CVE-2018-20062,NA,NA,NA,2026-04-20
CVE-2019-9082,NA,NA,NA,2026-04-20
CVE-2019-18187,NA,NA,NA,2026-04-20
CVE-2020-8467,NA,NA,NA,2026-04-20
CVE-2020-8468,8.8,HIGH,6.5,2026-04-20
CVE-2020-24557,NA,NA,NA,2026-04-20
CVE-2020-8599,NA,NA,NA,2026-04-20
CVE-2021-36742,NA,NA,NA,2026-04-20
CVE-2021-36741,NA,NA,NA,2026-04-20
CVE-2019-20085,NA,NA,NA,2026-04-20
CVE-2020-5849,NA,NA,NA,2026-04-20
CVE-2020-5847,9.8,CRITICAL,10,2026-04-20
CVE-2019-16759,NA,NA,NA,2026-04-20
CVE-2020-17496,NA,NA,NA,2026-04-20
CVE-2019-5544,NA,NA,NA,2026-04-20
CVE-2020-3992,NA,NA,NA,2026-04-20
CVE-2020-3950,NA,NA,NA,2026-04-20
CVE-2021-22005,NA,NA,NA,2026-04-20
CVE-2020-3952,9.8,CRITICAL,6.8,2026-04-20
CVE-2021-21972,NA,NA,NA,2026-04-20
CVE-2021-21985,NA,NA,NA,2026-04-20
CVE-2020-4006,NA,NA,NA,2026-04-20
CVE-2020-25213,NA,NA,NA,2026-04-20
CVE-2020-11738,NA,NA,NA,2026-04-20
CVE-2019-9978,NA,NA,NA,2026-04-20
CVE-2021-27561,NA,NA,NA,2026-04-20
CVE-2021-40539,9.8,CRITICAL,7.5,2026-04-20
CVE-2020-10189,NA,NA,NA,2026-04-20
CVE-2019-8394,NA,NA,NA,2026-04-20
CVE-2020-29583,NA,NA,NA,2026-04-20
CVE-2026-33825,7.8,HIGH,NA,2026-04-23
CVE-2026-39987,9.8,CRITICAL,NA,2026-04-24
CVE-2025-29635,7.2,HIGH,NA,2026-04-25
CVE-2024-7399,8.8,HIGH,NA,2026-04-25
CVE-2024-57728,7.2,HIGH,NA,2026-04-25
CVE-2024-57726,9.9,CRITICAL,NA,2026-04-25
CVE-2024-1708,8.4,HIGH,NA,2026-04-29
CVE-2026-32202,4.3,MEDIUM,NA,2026-04-29
CVE-2026-41940,9.8,CRITICAL,NA,2026-05-01
