year,quarter,date,period,gdp_growth,unemployment,cpi,fed_funds,ten_year,sp500_ret_qoq,vix
1999,1,1999-01-01,1999Q1,,,,,,3.9,25.1
1999,2,1999-04-01,1999Q2,,,,,,2.45,25.7
1999,3,1999-07-01,1999Q3,,,,,,6.36,24.38
1999,4,1999-10-01,1999Q4,,4,,5.3,6.28,6.47,25.65
2000,1,2000-01-01,2000Q1,,4.03,,5.68,6.47,0.29,22
2000,2,2000-04-01,2000Q2,,3.93,,6.27,6.18,-0.5,22.43
2000,3,2000-07-01,2000Q3,,4,,6.52,5.89,-2.57,23.13
2000,4,2000-10-01,2000Q4,2.91,3.9,3.44,6.47,5.57,0.02,24.32
2001,1,2001-01-01,2001Q1,2.2,4.23,3.41,5.59,5.04,0.76,24.87
2001,2,2001-04-01,2001Q2,1,4.4,3.33,4.33,5.28,-2.9,27.78
2001,3,2001-07-01,2001Q3,0.49,4.83,2.68,3.5,5,-2.14,28.88
2001,4,2001-10-01,2001Q4,0.17,5.5,1.88,2.13,4.76,-5.29,21.72
2002,1,2002-01-01,2002Q1,1.34,5.7,1.23,1.73,5.08,-6.4,28.03
2002,2,2002-04-01,2002Q2,1.33,5.83,1.32,1.75,5.11,-6.68,25.72
2002,3,2002-07-01,2002Q3,2.15,5.73,1.58,1.74,4.27,-4.84,29.58
2002,4,2002-10-01,2002Q4,1.99,5.87,2.25,1.44,4,-3.27,28.34
2003,1,2003-01-01,2003Q1,1.68,5.87,2.98,1.25,3.92,8.98,20.16
2003,2,2003-04-01,2003Q2,1.96,6.13,2.01,1.25,3.62,8.88,18.18
2003,3,2003-07-01,2003Q3,3.23,6.13,2.22,1.02,4.23,9.28,20.54
2003,4,2003-10-01,2003Q4,4.3,5.83,2,1,4.29,9.63,21.22
2004,1,2004-01-01,2004Q1,4.34,5.7,1.82,1,4.01,3.4,11.66
2004,2,2004-04-01,2004Q2,4.23,5.6,2.79,1.01,4.6,1.9,14.93
2004,3,2004-07-01,2004Q3,3.49,5.43,2.68,1.43,4.3,3.16,14.02
2004,4,2004-10-01,2004Q4,3.35,5.43,3.38,1.95,4.18,2.05,15.02
2005,1,2005-01-01,2005Q1,3.91,5.3,3.03,2.47,4.3,8.11,16.19
2005,2,2005-04-01,2005Q2,3.62,5.1,2.92,2.94,4.16,1.73,13.91
2005,3,2005-07-01,2005Q3,3.45,4.97,3.82,3.46,4.22,0.8,12.37
2005,4,2005-10-01,2005Q4,2.97,4.97,3.68,3.98,4.49,3.52,15.28
2006,1,2006-01-01,2006Q1,3.21,4.73,3.69,4.46,4.58,3.06,10.34
2006,2,2006-04-01,2006Q2,2.97,4.63,3.92,4.91,5.07,7.21,16.76
2006,3,2006-07-01,2006Q3,2.33,4.63,3.35,5.25,4.89,3.84,11.02
2006,4,2006-10-01,2006Q4,2.63,4.43,1.97,5.25,4.63,4.45,10.58
2007,1,2007-01-01,2007Q1,1.58,4.5,2.43,5.26,4.68,1.19,20.31
2007,2,2007-04-01,2007Q2,1.93,4.5,2.67,5.25,4.85,5.95,19.21
2007,3,2007-07-01,2007Q3,2.37,4.67,2.35,5.07,4.74,-2.71,21.26
2007,4,2007-10-01,2007Q4,2.13,4.8,4.03,4.5,4.27,1.18,17.77
2008,1,2008-01-01,2008Q1,1.39,5,4.14,3.18,3.67,-5.51,32.34
2008,2,2008-04-01,2008Q2,1.38,5.33,4.31,2.09,3.88,-9.58,36.6
2008,3,2008-07-01,2008Q3,0.27,6,5.25,1.94,3.86,-11.22,32.13
2008,4,2008-10-01,2008Q4,-2.54,6.87,1.6,0.51,3.23,-6.61,31.87
2009,1,2009-01-01,2009Q1,-3.23,8.27,-0.18,0.18,2.74,3.92,29.72
2009,2,2009-04-01,2009Q2,-3.98,9.3,-0.94,0.18,3.32,9.21,28.27
2009,3,2009-07-01,2009Q3,-3.13,9.63,-1.61,0.16,3.52,5.73,34.14
2009,4,2009-10-01,2009Q4,0.11,9.93,1.5,0.12,3.46,3.62,29.66
2010,1,2010-01-01,2010Q1,1.75,9.83,2.35,0.13,3.72,3.88,22.73
2010,2,2010-04-01,2010Q2,2.91,9.63,1.78,0.19,3.49,3.51,24.01
2010,3,2010-07-01,2010Q3,3.34,9.47,1.2,0.19,2.78,2.98,24.09
2010,4,2010-10-01,2010Q4,2.78,9.5,1.23,0.19,2.88,5.01,25.01
2011,1,2011-01-01,2011Q1,2.04,9.03,2.15,0.16,3.46,1.88,23.26
2011,2,2011-04-01,2011Q2,1.74,9.07,3.35,0.09,3.2,-0.11,25.24
2011,3,2011-07-01,2011Q3,0.94,9,3.72,0.08,2.41,4.5,20.52
2011,4,2011-10-01,2011Q4,1.54,8.63,3.35,0.07,2.05,5.1,25.98
2012,1,2012-01-01,2012Q1,2.64,8.27,2.83,0.1,2.04,7.41,18.88
2012,2,2012-04-01,2012Q2,2.4,8.2,1.89,0.15,1.83,5.12,15.07
2012,3,2012-07-01,2012Q3,2.57,8.03,1.68,0.14,1.64,5.06,16.25
2012,4,2012-10-01,2012Q4,1.55,7.8,1.9,0.16,1.71,5.24,20.88
2013,1,2013-01-01,2013Q1,1.7,7.73,1.74,0.14,1.95,7.81,12.98
2013,2,2013-04-01,2013Q2,1.52,7.53,1.41,0.12,1.99,8.52,11.22
2013,3,2013-07-01,2013Q3,2.24,7.23,1.51,0.08,2.71,7.84,10.5
2013,4,2013-10-01,2013Q4,3.01,6.93,1.21,0.09,2.74,7.17,14.69
2014,1,2014-01-01,2014Q1,1.65,6.67,1.43,0.07,2.77,4.25,14.18
2014,2,2014-04-01,2014Q2,2.69,6.2,2.08,0.09,2.62,1.92,14.38
2014,3,2014-07-01,2014Q3,3.06,6.07,1.79,0.09,2.5,3.29,8.59
2014,4,2014-10-01,2014Q4,2.69,5.7,1.16,0.1,2.28,1.52,13.29
2015,1,2015-01-01,2015Q1,3.97,5.53,-0.11,0.11,1.97,0.97,14.52
2015,2,2015-04-01,2015Q2,3.28,5.43,0.04,0.12,2.16,-1.14,14.49
2015,3,2015-07-01,2015Q3,2.45,5.1,0.16,0.14,2.22,-0.99,17.34
2015,4,2015-10-01,2015Q4,2.12,5.03,0.4,0.16,2.19,1.98,16.54
2016,1,2016-01-01,2016Q1,1.8,4.9,0.99,0.36,1.91,2.21,13.56
2016,2,2016-04-01,2016Q2,1.49,4.93,1.11,0.37,1.75,4.05,16.01
2016,3,2016-07-01,2016Q3,1.81,4.9,1.16,0.4,1.56,2.91,18.89
2016,4,2016-10-01,2016Q4,2.18,4.77,1.81,0.45,2.14,4.01,15.74
2017,1,2017-01-01,2017Q1,2.09,4.57,2.59,0.7,2.45,7.33,10.33
2017,2,2017-04-01,2017Q2,2.33,4.37,1.89,0.95,2.26,4.29,12.83
2017,3,2017-07-01,2017Q3,2.41,4.33,1.94,1.15,2.24,5.63,12.01
2017,4,2017-10-01,2017Q4,2.99,4.17,2.11,1.2,2.37,5.61,12.15
2018,1,2018-01-01,2018Q1,3.33,4.03,2.25,1.45,2.76,-3.36,16.71
2018,2,2018-04-01,2018Q2,3.3,3.93,2.69,1.74,2.92,-0.75,16.91
2018,3,2018-07-01,2018Q3,3.13,3.77,2.61,1.92,2.92,-2.54,16.78
2018,4,2018-10-01,2018Q4,2.13,3.83,2.21,2.22,3.04,1.92,15.47
2019,1,2019-01-01,2019Q1,1.93,3.87,1.63,2.4,2.65,6.45,17.21
2019,2,2019-04-01,2019Q2,2.24,3.63,1.82,2.4,2.34,9.5,15.18
2019,3,2019-07-01,2019Q3,2.8,3.6,1.75,2.19,1.8,7.72,15.8
2019,4,2019-10-01,2019Q4,3.35,3.6,2.05,1.64,1.79,7.8,15.95
2020,1,2020-01-01,2020Q1,1.36,3.83,2.15,1.26,1.37,6.2,28.9
2020,2,2020-04-01,2020Q2,-7.4,13,0.41,0.06,0.69,1.06,30.25
2020,3,2020-07-01,2020Q3,-1.36,8.8,1.22,0.09,0.65,5.16,31.8
2020,4,2020-10-01,2020Q4,-0.92,6.77,1.24,0.09,0.86,5.49,27.02
2021,1,2021-01-01,2021Q1,1.8,6.23,1.9,0.08,1.34,10.52,16.74
2021,2,2021-04-01,2021Q2,12.39,5.93,4.78,0.07,1.59,1.7,18.87
2021,3,2021-07-01,2021Q3,5.15,5.07,5.25,0.09,1.32,6.62,18.65
2021,4,2021-10-01,2021Q4,5.76,4.17,6.77,0.08,1.53,8.45,17.91
2022,1,2022-01-01,2022Q1,4.03,3.87,8.02,0.12,1.95,-5.85,30.24
2022,2,2022-04-01,2022Q2,2.45,3.63,8.58,0.77,2.93,-4.66,25.72
2022,3,2022-07-01,2022Q3,2.35,3.53,8.29,2.19,3.1,-3.26,23.88
2022,4,2022-10-01,2022Q4,1.32,3.57,7.1,3.65,3.83,-4.09,25.41
2023,1,2023-01-01,2023Q1,2.31,3.53,5.73,4.52,3.65,8.07,15.53
2023,2,2023-04-01,2023Q2,2.79,3.53,4.05,4.99,3.6,6.71,17.24
2023,3,2023-07-01,2023Q3,3.23,3.63,3.57,5.26,4.15,2.65,15.33
2023,4,2023-10-01,2023Q4,3.39,3.8,3.23,5.33,4.45,8.05,22.31
2024,1,2024-01-01,2024Q1,2.86,3.83,3.24,5.33,4.16,6.98,17.49
2024,2,2024-04-01,2024Q2,3.13,3.97,3.19,5.33,4.45,7.7,16.03
2024,3,2024-07-01,2024Q3,2.79,4.17,2.66,5.26,3.95,5.44,13.79
2024,4,2024-10-01,2024Q4,2.4,4.13,2.72,4.65,4.28,8.91,17.04
2025,1,2025-01-01,2025Q1,2.02,4.13,2.72,4.33,4.45,3.46,15.39
2025,2,2025-04-01,2025Q2,2.08,4.2,2.46,4.33,4.36,3.15,15.96
2025,3,2025-07-01,2025Q3,2.34,4.33,2.9,4.29,4.26,0.36,20.14
2025,4,2025-10-01,2025Q4,1.99,4.45,3,3.9,4.1,6.77,18.04
2026,1,2026-01-01,2026Q1,2.66,4.33,2.94,3.64,4.2,0.84,15.89
2026,2,2026-04-01,2026Q2,,,,3.64,4.32,3.34,21.54
