date,tone,volume
2017-01-01,-1.7273,NA
2017-01-02,-1.4015,NA
2017-01-03,-1.0525,NA
2017-01-04,-0.7353,NA
2017-01-05,-1.0273,NA
2017-01-06,-1.245,NA
2017-01-07,-1.6203,NA
2017-01-08,-1.2258,NA
2017-01-09,-0.6141,NA
2017-01-10,-0.7368,NA
2017-01-11,-1.104,NA
2017-01-12,-0.8189,NA
2017-01-13,-0.6068,NA
2017-01-14,-0.8089,NA
2017-01-15,-1.2286,NA
2017-01-16,-1.0183,NA
2017-01-17,-0.8154,NA
2017-01-18,-0.9582,NA
2017-01-19,-0.7034,NA
2017-01-20,-0.5858,NA
2017-01-21,-0.6916,NA
2017-01-22,-1.1895,NA
2017-01-23,-1.1556,NA
2017-01-24,-0.8376,NA
2017-01-25,-1.3113,NA
2017-01-26,-1.3896,NA
2017-01-27,-1.4229,NA
2017-01-28,-1.9089,NA
2017-01-29,-2.4349,NA
2017-01-30,-2.1055,NA
2017-01-31,-1.6736,NA
2017-02-01,-1.2132,NA
2017-02-02,-1.5494,NA
2017-02-03,-1.8601,NA
2017-02-04,-1.9635,NA
2017-02-05,-1.9031,NA
2017-02-06,-1.2319,NA
2017-02-07,-1.801,NA
2017-02-08,-1.7091,NA
2017-02-09,-1.7621,NA
2017-02-10,-1.4643,NA
2017-02-11,-1.6224,NA
2017-02-12,-1.1963,NA
2017-02-13,-0.8519,NA
2017-02-14,-1.3421,NA
2017-02-15,-1.1465,NA
2017-02-16,-1.2153,NA
2017-02-17,-1.369,NA
2017-02-18,-1.4364,NA
2017-02-19,-1.7334,NA
2017-02-20,-1.2854,NA
2017-02-21,-1.2123,NA
2017-02-22,-1.3894,NA
2017-02-23,-0.9127,NA
2017-02-24,-1.2735,NA
2017-02-25,-1.0943,NA
2017-02-26,-1.1102,NA
2017-02-27,-0.6424,NA
2017-02-28,-0.9025,NA
2017-03-01,-0.9604,NA
2017-03-02,-0.872,NA
2017-03-03,-1.0617,NA
2017-03-04,-1.48,NA
2017-03-05,-1.7686,NA
2017-03-06,-1.7548,NA
2017-03-07,-1.2213,NA
2017-03-08,-1.2121,NA
2017-03-09,-1.308,NA
2017-03-10,-1.4737,NA
2017-03-11,-1.7426,NA
2017-03-12,-1.7038,NA
2017-03-13,-1.3998,NA
2017-03-14,-1.291,NA
2017-03-15,-1.7664,NA
2017-03-16,-1.4395,NA
2017-03-17,-1.2743,NA
2017-03-18,-1.4651,NA
2017-03-19,-1.3387,NA
2017-03-20,-1.175,NA
2017-03-21,-1.2845,NA
2017-03-22,-1.3357,NA
2017-03-23,-1.5597,NA
2017-03-24,-1.4072,NA
2017-03-25,-1.6788,NA
2017-03-26,-1.5114,NA
2017-03-27,-1.2506,NA
2017-03-28,-1.1388,NA
2017-03-29,-0.9464,NA
2017-03-30,-1.2873000000000001,NA
2017-03-31,-1.4686,NA
2017-04-01,-1.7192,NA
2017-04-02,-1.6675,NA
2017-04-03,-1.4295,NA
2017-04-04,-1.533,NA
2017-04-05,-1.6429,NA
2017-04-06,-1.5597,NA
2017-04-07,-2.5667,NA
2017-04-08,-2.3341,NA
2017-04-09,-2.2732,NA
2017-04-10,-1.4599,NA
2017-04-11,-1.7281,NA
2017-04-12,-1.6723,NA
2017-04-13,-1.4713,NA
2017-04-14,-2.0378,NA
2017-04-15,-2.0304,NA
2017-04-16,-1.799,NA
2017-04-17,-1.1525,NA
2017-04-18,-1.0654,NA
2017-04-19,-1.1337,NA
2017-04-20,-1.385,NA
2017-04-21,-1.6579,NA
2017-04-22,-1.4549,NA
2017-04-23,-1.2179,NA
2017-04-24,-1.2509,NA
2017-04-25,-0.987,NA
2017-04-26,-1.2897,NA
2017-04-27,-1.4368,NA
2017-04-28,-1.3407,NA
2017-04-29,-1.3108,NA
2017-04-30,-1.2569,NA
2017-05-01,-1.0993,NA
2017-05-02,-1.3378,NA
2017-05-03,-0.9434,NA
2017-05-04,-0.8143,NA
2017-05-05,-1.126,NA
2017-05-06,-1.8709,NA
2017-05-07,-1.0481,NA
2017-05-08,-0.7191,NA
2017-05-09,-0.9805,NA
2017-05-10,-1.5732,NA
2017-05-11,-1.2762,NA
2017-05-12,-1.3109,NA
2017-05-13,-0.9125,NA
2017-05-14,-0.8252,NA
2017-05-15,-1.3638,NA
2017-05-16,-1.2386,NA
2017-05-17,-1.4859,NA
2017-05-18,-1.3107,NA
2017-05-19,-1.6887,NA
2017-05-20,-0.8392,NA
2017-05-21,-1.1049,NA
2017-05-22,-1.1233,NA
2017-05-23,-1.9885,NA
2017-05-24,-1.3098,NA
2017-05-25,-1.5197,NA
2017-05-26,-1.5118,NA
2017-05-27,-1.4459,NA
2017-05-28,-0.9541,NA
2017-05-29,-1.0859,NA
2017-05-30,-1.6939,NA
2017-05-31,-1.5267,NA
2017-06-01,-1.2495,NA
2017-06-02,-1.4866,NA
2017-06-03,-1.2641,NA
2017-06-04,-2.3131,NA
2017-06-05,-1.6358,NA
2017-06-06,-1.2858,NA
2017-06-07,-1.1998,NA
2017-06-08,-1.087,NA
2017-06-09,-1.5178,NA
2017-06-10,-1.6117,NA
2017-06-11,-0.7245,NA
2017-06-12,-0.8527,NA
2017-06-13,-0.9911,NA
2017-06-14,-1.2438,NA
2017-06-15,-1.3893,NA
2017-06-16,-1.2808,NA
2017-06-17,-1.3975,NA
2017-06-18,-1.769,NA
2017-06-19,-1.5099,NA
2017-06-20,-1.2746,NA
2017-06-21,-0.9149,NA
2017-06-22,-1.0387,NA
2017-06-23,-1.1882,NA
2017-06-24,-0.9507,NA
2017-06-25,-1.0153,NA
2017-06-26,-1.1674,NA
2017-06-27,-1.4258,NA
2017-06-28,-1.1362,NA
2017-06-29,-1.3374,NA
2017-06-30,-1.6226,NA
2017-07-01,-1.2937,NA
2017-07-02,-2.0059,NA
2017-07-03,-1.3381,NA
2017-07-04,-1.359,NA
2017-07-05,-1.1352,NA
2017-07-06,-1.4897,NA
2017-07-07,-1.6966,NA
2017-07-08,-1.4988,NA
2017-07-09,-1.3081,NA
2017-07-10,-1.1175,NA
2017-07-11,-0.9326,NA
2017-07-12,-1.2375,NA
2017-07-13,-1.0995,NA
2017-07-14,-1.3466,NA
2017-07-15,-1.6061,NA
2017-07-16,-1.7855,NA
2017-07-17,-1.3365,NA
2017-07-18,-1.1959,NA
2017-07-19,-1.2381,NA
2017-07-20,-1.2948,NA
2017-07-21,-1.4346,NA
2017-07-22,-1.4556,NA
2017-07-23,-1.6352,NA
2017-07-24,-1.5574,NA
2017-07-25,-1.1282,NA
2017-07-26,-1.402,NA
2017-07-27,-1.2117,NA
2017-07-28,-1.4543,NA
2017-07-29,-1.6867,NA
2017-07-30,-1.7699,NA
2017-07-31,-1.3857,NA
2017-08-01,-1.4566,NA
2017-08-02,-1.2794,NA
2017-08-03,-1.1415,NA
2017-08-04,-0.9675,NA
2017-08-05,-1.7026,NA
2017-08-06,-1.8375,NA
2017-08-07,-1.6463,NA
2017-08-08,-1.2409,NA
2017-08-09,-1.7437,NA
2017-08-10,-1.7369,NA
2017-08-11,-1.7709,NA
2017-08-12,-2.641,NA
2017-08-13,-3.6836,NA
2017-08-14,-3.1712,NA
2017-08-15,-2.573,NA
2017-08-16,-2.3404,NA
2017-08-17,-2.6475,NA
2017-08-18,-2.7894,NA
2017-08-19,-2.3667,NA
2017-08-20,-2.212,NA
2017-08-21,-1.7779,NA
2017-08-22,-1.4977,NA
2017-08-23,-1.8574,NA
2017-08-24,-1.1539,NA
2017-08-25,-2.179,NA
2017-08-26,-2.7856,NA
2017-08-27,-2.8248,NA
2017-08-28,-2.0013,NA
2017-08-29,-1.8146,NA
2017-08-30,-1.6335,NA
2017-08-31,-1.4914,NA
2017-09-01,-1.7756,NA
2017-09-02,-1.8776,NA
2017-09-03,-1.6127,NA
2017-09-04,-1.5859,NA
2017-09-05,-1.4829,NA
2017-09-06,-1.5841,NA
2017-09-07,-1.663,NA
2017-09-08,-2.0712,NA
2017-09-09,-2.3255,NA
2017-09-10,-2.5506,NA
2017-09-11,-1.8336,NA
2017-09-12,-1.2748,NA
2017-09-13,-1.4968,NA
2017-09-14,-1.1879,NA
2017-09-15,-1.7434,NA
2017-09-16,-1.9193,NA
2017-09-17,-1.3724,NA
2017-09-18,-0.5522,NA
2017-09-19,-1.4496,NA
2017-09-20,-1.4737,NA
2017-09-21,-1.34,NA
2017-09-22,-1.7848,NA
2017-09-23,-1.5214,NA
2017-09-24,-1.3247,NA
2017-09-25,-1.5176,NA
2017-09-26,-1.55,NA
2017-09-27,-1.384,NA
2017-09-28,-1.2478,NA
2017-09-29,-1.1526,NA
2017-09-30,-1.494,NA
2017-10-01,-1.8673,NA
2017-10-02,-2.483,NA
2017-10-03,-1.8417,NA
2017-10-04,-1.6281,NA
2017-10-05,-1.2661,NA
2017-10-06,-1.5635,NA
2017-10-07,-1.9866,NA
2017-10-08,-1.6925,NA
2017-10-09,-1.1778,NA
2017-10-10,-1.5382,NA
2017-10-11,-1.4497,NA
2017-10-12,-1.3503,NA
2017-10-13,-1.3373,NA
2017-10-14,-1.4944,NA
2017-10-15,-1.9563,NA
2017-10-16,-2.207,NA
2017-10-17,-1.4699,NA
2017-10-18,-1.3149,NA
2017-10-19,-1.4157,NA
2017-10-20,-1.7477,NA
2017-10-21,-1.808,NA
2017-10-22,-1.2262,NA
2017-10-23,-1.7141,NA
2017-10-24,-1.5965,NA
2017-10-25,-1.4717,NA
2017-10-26,-1.5863,NA
2017-10-27,-1.7421,NA
2017-10-28,-1.842,NA
2017-10-29,-2.2048,NA
2017-10-30,-2.0113,NA
2017-10-31,-1.888,NA
2017-11-01,-1.9937,NA
2017-11-02,-1.8566,NA
2017-11-03,-1.9662,NA
2017-11-04,-2.2509,NA
2017-11-05,-2.0544,NA
2017-11-06,-2.1543,NA
2017-11-07,-1.6692,NA
2017-11-08,-1.1551,NA
2017-11-09,-0.9097,NA
2017-11-10,-1.3766,NA
2017-11-11,-1.5599,NA
2017-11-12,-1.7434,NA
2017-11-13,-1.4482,NA
2017-11-14,-1.3951,NA
2017-11-15,-1.5099,NA
2017-11-16,-1.2723,NA
2017-11-17,-1.6566,NA
2017-11-18,-1.6967,NA
2017-11-19,-1.6541,NA
2017-11-20,-1.8191,NA
2017-11-21,-1.5595,NA
2017-11-22,-1.8614,NA
2017-11-23,-1.3531,NA
2017-11-24,-1.7747,NA
2017-11-25,-2.1712,NA
2017-11-26,-1.8717,NA
2017-11-27,-1.0449,NA
2017-11-28,-1.2118,NA
2017-11-29,-1.8942,NA
2017-11-30,-1.4749,NA
2017-12-03,-2.465,NA
2017-12-04,-1.6336,NA
2017-12-05,-1.5196,NA
2017-12-06,-1.3942,NA
2017-12-07,-1.3319,NA
2017-12-08,-1.4028,NA
2017-12-09,-1.6499,NA
2017-12-10,-2.1567,NA
2017-12-11,-2.0148,NA
2017-12-12,-1.7805,NA
2017-12-13,-1.3396,NA
2017-12-14,-1.1273,NA
2017-12-15,-1.1364,NA
2017-12-16,-1.7182,NA
2017-12-17,-1.6728,NA
2017-12-18,-1.5312,NA
2017-12-19,-1.7553,NA
2017-12-20,-1.4465,NA
2017-12-21,-1.4166,NA
2017-12-22,-1.3716,NA
2017-12-23,-1.773,NA
2017-12-24,-2.0915,NA
2017-12-25,-1.2099,NA
2017-12-26,-1.5318,NA
2017-12-27,-1.3924,NA
2017-12-28,-1.9628,NA
2017-12-29,-1.8232,NA
2017-12-30,-2.1523,NA
2017-12-31,-1.9364,NA
2018-01-01,-2.1888,NA
2018-01-02,-1.8526,NA
2018-01-03,-1.3829,NA
2018-01-04,-1.6042,NA
2018-01-05,-1.5272,NA
2018-01-06,-1.1568,NA
2018-01-07,-1.3442,NA
2018-01-08,-0.505,NA
2018-01-09,-0.7897,NA
2018-01-10,-0.949,NA
2018-01-11,-1.009,NA
2018-01-12,-1.2365,NA
2018-01-13,-1.7594,NA
2018-01-14,-2.013,NA
2018-01-15,-1.4784,NA
2018-01-16,-0.9744,NA
2018-01-17,-0.9894,NA
2018-01-18,-0.7133,NA
2018-01-19,-1.2168,NA
2018-01-20,-1.4164,NA
2018-01-21,-1.4,NA
2018-01-22,-0.949,NA
2018-01-23,-1.0037,NA
2018-01-24,-0.997,NA
2018-01-25,-0.9036,NA
2018-01-26,-1.0827,NA
2018-01-27,-1.7014,NA
2018-01-28,-1.5261,NA
2018-01-29,-0.6318,NA
2018-01-30,-1.0614,NA
2018-01-31,-1.2358,NA
2018-02-01,-1.1674,NA
2018-02-02,-1.5034,NA
2018-02-03,-1.8555,NA
2018-02-04,-1.8673,NA
2018-02-05,-1.4731,NA
2018-02-06,-1.5754,NA
2018-02-07,-1.3289,NA
2018-02-08,-1.142,NA
2018-02-09,-1.1474,NA
2018-02-10,-1.6176,NA
2018-02-11,-1.4948,NA
2018-02-12,-1.163,NA
2018-02-13,-1.1086,NA
2018-02-14,-1.2423,NA
2018-02-15,-2.0562,NA
2018-02-16,-2.2921,NA
2018-02-17,-2.5888,NA
2018-02-18,-2.1475,NA
2018-02-19,-1.7549,NA
2018-02-20,-1.3909,NA
2018-02-21,-1.2348,NA
2018-02-22,-1.4452,NA
2018-02-23,-1.9189,NA
2018-02-24,-1.9441,NA
2018-02-25,-1.3028,NA
2018-02-26,-1.2534,NA
2018-02-27,-1.4288,NA
2018-02-28,-1.2603,NA
2018-03-01,-1.2949,NA
2018-03-02,-1.9035,NA
2018-03-03,-2.1325,NA
2018-03-04,-1.514,NA
2018-03-05,-0.8793,NA
2018-03-06,-1.1092,NA
2018-03-07,-1.1738,NA
2018-03-08,-1.3293,NA
2018-03-09,-1.2909,NA
2018-03-10,-1.3633,NA
2018-03-11,-1.3808,NA
2018-03-12,-1.0351,NA
2018-03-13,-1.2457,NA
2018-03-14,-1.4646,NA
2018-03-15,-1.8063,NA
2018-03-16,-1.6069,NA
2018-03-17,-2.0201,NA
2018-03-18,-1.9917,NA
2018-03-19,-1.8214,NA
2018-03-20,-1.5164,NA
2018-03-21,-1.6977,NA
2018-03-22,-1.8142,NA
2018-03-23,-1.7068,NA
2018-03-24,-1.9532,NA
2018-03-25,-1.9669,NA
2018-03-26,-1.6084,NA
2018-03-27,-1.3845,NA
2018-03-28,-1.037,NA
2018-03-29,-1.1626,NA
2018-03-30,-1.6322,NA
2018-03-31,-1.665,NA
2018-04-01,-1.3757,NA
2018-04-02,-1.2004,NA
2018-04-03,-1.5247,NA
2018-04-04,-1.5316,NA
2018-04-05,-1.3958,NA
2018-04-06,-1.9905,NA
2018-04-07,-1.6707,NA
2018-04-08,-2.4722,NA
2018-04-09,-2.1096,NA
2018-04-10,-1.7583,NA
2018-04-11,-1.5733,NA
2018-04-12,-1.6881,NA
2018-04-13,-1.748,NA
2018-04-14,-2.555,NA
2018-04-15,-1.8521,NA
2018-04-16,-1.5436,NA
2018-04-17,-1.4971,NA
2018-04-18,-0.8015,NA
2018-04-19,-0.8389,NA
2018-04-20,-1.4598,NA
2018-04-21,-1.3678,NA
2018-04-22,-1.367,NA
2018-04-23,-1.3563,NA
2018-04-24,-1.2277,NA
2018-04-25,-1.0647,NA
2018-04-26,-1.1504,NA
2018-04-27,-0.8933,NA
2018-04-28,-1.3262,NA
2018-04-29,-1.0886,NA
2018-04-30,-1.2619,NA
2018-05-01,-1.1216,NA
2018-05-02,-1.043,NA
2018-05-03,-1.1927,NA
2018-05-04,-1.2554,NA
2018-05-05,-1.742,NA
2018-05-06,-1.6037,NA
2018-05-07,-1.1951,NA
2018-05-08,-1.2015,NA
2018-05-09,-1.1585,NA
2018-05-10,-1.022,NA
2018-05-11,-1.2286,NA
2018-05-12,-1.4059,NA
2018-05-13,-1.9728,NA
2018-05-14,-1.2779,NA
2018-05-15,-1.4875,NA
2018-05-16,-1.1772,NA
2018-05-17,-1.1312,NA
2018-05-18,-1.7567,NA
2018-05-19,-1.5287,NA
2018-05-20,-1.2157,NA
2018-05-21,-0.9546,NA
2018-05-22,-0.8819,NA
2018-05-23,-1.1082,NA
2018-05-24,-1.2492,NA
2018-05-25,-1.1427,NA
2018-05-26,-1.3203,NA
2018-05-27,-1.3062,NA
2018-05-28,-0.9417,NA
2018-05-29,-1.1633,NA
2018-05-30,-1.3631,NA
2018-05-31,-1.3907,NA
2018-06-01,-1.0352,NA
2018-06-02,-1.4704,NA
2018-06-03,-1.2779,NA
2018-06-04,-1.1376,NA
2018-06-05,-0.695,NA
2018-06-06,-0.9339,NA
2018-06-07,-0.9756,NA
2018-06-08,-1.1207,NA
2018-06-09,-1.2234,NA
2018-06-10,-0.7662,NA
2018-06-11,-0.5528,NA
2018-06-12,-0.6617,NA
2018-06-13,-0.9563,NA
2018-06-14,-0.9765,NA
2018-06-15,-1.5417,NA
2018-06-16,-1.5689,NA
2018-06-17,-1.6337,NA
2018-06-18,-1.6102,NA
2018-06-19,-1.6677,NA
2018-06-20,-1.7633,NA
2018-06-21,-1.5719,NA
2018-06-22,-1.6946,NA
2018-06-23,-1.854,NA
2018-06-24,-1.7556,NA
2018-06-25,-1.3011,NA
2018-06-26,-1.4421,NA
2018-06-27,-1.1619,NA
2018-06-28,-1.1071,NA
2018-06-29,-1.6473,NA
2018-06-30,-1.5349,NA
2018-07-01,-1.7403,NA
2018-07-02,-1.0225,NA
2018-07-03,-0.9737,NA
2018-07-04,-0.7921,NA
2018-07-05,-1.177,NA
2018-07-06,-1.4858,NA
2018-07-07,-1.3753,NA
2018-07-08,-1.0771,NA
2018-07-09,-0.942,NA
2018-07-10,-0.7088,NA
2018-07-11,-0.9533,NA
2018-07-12,-1.1894,NA
2018-07-13,-1.5178,NA
2018-07-14,-2.0898,NA
2018-07-15,-1.4723,NA
2018-07-16,-1.496,NA
2018-07-17,-1.3355,NA
2018-07-18,-1.3611,NA
2018-07-19,-1.5021,NA
2018-07-20,-1.414,NA
2018-07-21,-1.5921,NA
2018-07-22,-1.9994,NA
2018-07-23,-2.1217,NA
2018-07-24,-1.4824,NA
2018-07-25,-1.32,NA
2018-07-26,-1.4911,NA
2018-07-27,-1.426,NA
2018-07-28,-1.8349,NA
2018-07-29,-2.0098,NA
2018-07-30,-1.5166,NA
2018-07-31,-1.5111,NA
2018-08-01,-1.6034,NA
2018-08-02,-1.5889,NA
2018-08-03,-1.7433,NA
2018-08-04,-1.6594,NA
2018-08-05,-2.3492,NA
2018-08-06,-2.0505,NA
2018-08-07,-1.6059,NA
2018-08-08,-1.3736,NA
2018-08-09,-1.4977,NA
2018-08-10,-1.4966,NA
2018-08-11,-2.3392,NA
2018-08-12,-2.1526,NA
2018-08-13,-2.0026,NA
2018-08-14,-1.6361,NA
2018-08-15,-1.6242,NA
2018-08-16,-0.969,NA
2018-08-17,-1.3116,NA
2018-08-18,-1.9018,NA
2018-08-19,-1.4548,NA
2018-08-20,-1.3163,NA
2018-08-21,-1.8685,NA
2018-08-22,-2.3934,NA
2018-08-23,-2.4305,NA
2018-08-24,-1.9688,NA
2018-08-25,-1.8518,NA
2018-08-26,-1.7793,NA
2018-08-27,-1.1561,NA
2018-08-28,-1.1876,NA
2018-08-29,-1.191,NA
2018-08-30,-1.3049,NA
2018-08-31,-1.1665,NA
2018-09-01,-0.9982,NA
2018-09-02,-1.6274,NA
2018-09-03,-1.6378,NA
2018-09-04,-1.6611,NA
2018-09-05,-1.6155,NA
2018-09-06,-1.6,NA
2018-09-07,-1.6666,NA
2018-09-08,-1.6097,NA
2018-09-09,-1.6517,NA
2018-09-10,-1.5018,NA
2018-09-11,-1.9835,NA
2018-09-12,-1.9774,NA
2018-09-13,-1.9143,NA
2018-09-14,-2.2847,NA
2018-09-15,-2.8325,NA
2018-09-16,-2.4426,NA
2018-09-17,-1.8778,NA
2018-09-18,-1.5153,NA
2018-09-19,-1.5846,NA
2018-09-20,-1.3254,NA
2018-09-21,-1.534,NA
2018-09-22,-2.2734,NA
2018-09-23,-2.069,NA
2018-09-24,-1.7671,NA
2018-09-25,-1.5798,NA
2018-09-26,-1.535,NA
2018-09-27,-1.5591,NA
2018-09-28,-1.6912,NA
2018-09-29,-2.244,NA
2018-09-30,-2.1236,NA
2018-10-01,-1.0427,NA
2020-01-01,-1.9475,NA
2020-01-02,-0.7544,NA
2020-01-03,-2.5538,NA
2020-01-04,-2.6085,NA
2020-01-05,-3.2322,NA
2020-01-06,-1.7104,NA
2020-01-07,-1.7628,NA
2020-01-08,-2.3958,NA
2020-01-09,-1.8899,NA
2020-01-10,-2.0234,NA
2020-01-11,-1.8371,NA
2020-01-12,-1.8687,NA
2020-01-13,-1.4763,NA
2020-01-14,-1.5393,NA
2020-01-15,-1.4874,NA
2020-01-16,-1.1971,NA
2020-01-17,-1.2723,NA
2020-01-18,-1.92,NA
2020-01-19,-2.1793,NA
2020-01-20,-1.535,NA
2020-01-21,-1.9143,NA
2020-01-22,-2.0284,NA
2020-01-23,-1.4898,NA
2020-01-24,-1.7225,NA
2020-01-25,-2.2878,NA
2020-01-26,-1.661,NA
2020-01-27,-1.2948,NA
2020-01-28,-1.2821,NA
2020-01-29,-1.1713,NA
2020-01-30,-1.4892,NA
2020-01-31,-1.4612,NA
2020-02-01,-1.5997,NA
2020-02-02,-1.1582,NA
2020-02-03,-0.8221,NA
2020-02-04,-0.5816,NA
2020-02-05,-0.9612,NA
2020-02-06,-1.1943,NA
2020-02-07,-1.2359,NA
2020-02-08,-1.2594,NA
2020-02-09,-1.3382,NA
2020-02-10,-0.8847,NA
2020-02-11,-1.1881,NA
2020-02-12,-0.9258,NA
2020-02-13,-0.8039,NA
2020-02-14,-1.1275,NA
2020-02-15,-1.289,NA
2020-02-16,-1.271,NA
2020-02-17,-0.8818,NA
2020-02-18,-1.2089,NA
2020-02-19,-1.121,NA
2020-02-20,-1.4584,NA
2020-02-21,-1.0649,NA
2020-02-22,-0.9506,NA
2020-02-23,-0.39,NA
2020-02-24,-1.0806,NA
2020-02-25,-1.3831,NA
2020-02-26,-1.341,NA
2020-02-27,-1.4805,NA
2020-02-28,-1.2706,NA
2020-02-29,-1.7112,NA
2020-03-01,-1.1438,NA
2020-03-02,-0.9381,NA
2020-03-03,-0.9701,NA
2020-03-04,-0.505,NA
2020-03-05,-1.057,NA
2020-03-06,-1.592,NA
2020-03-07,-1.3876,NA
2020-03-08,-1.41,NA
2020-03-09,-1.2132,NA
2020-03-10,-1.4371,NA
2020-03-11,-1.385,NA
2020-03-12,-2.1357,NA
2020-03-13,-2.1672,NA
2020-03-14,-2.1983,NA
2020-03-15,-2.1341,NA
2020-03-16,-2.0378,NA
2020-03-17,-1.8582,NA
2020-03-18,-1.832,NA
2020-03-19,-1.8584,NA
2020-03-20,-1.954,NA
2020-03-21,-2.0115,NA
2020-03-22,-2.1818,NA
2020-03-23,-2.0543,NA
2020-03-24,-1.903,NA
2020-03-25,-1.7945,NA
2020-03-26,-1.7683,NA
2020-03-27,-1.8991,NA
2020-03-28,-2.1017,NA
2020-03-29,-2.7091,NA
2020-03-30,-1.7805,NA
2020-03-31,-1.5178,NA
2020-04-01,-1.7743,NA
2020-04-02,-1.8524,NA
2020-04-03,-1.6444,NA
2020-04-04,-2.0506,NA
2020-04-05,-2.3706,NA
2020-04-06,-1.8376,NA
2020-04-07,-1.6877,NA
2020-04-08,-1.7518,NA
2020-04-09,-1.8088,NA
2020-04-10,-1.742,NA
2020-04-11,-2.161,NA
2020-04-12,-1.8808,NA
2020-04-13,-1.7923,NA
2020-04-14,-1.4295,NA
2020-04-15,-1.6594,NA
2020-04-16,-1.5916,NA
2020-04-17,-1.823,NA
2020-04-18,-1.9482,NA
2020-04-19,-1.9243,NA
2020-04-20,-1.6008,NA
2020-04-21,-1.4768,NA
2020-04-22,-1.4108,NA
2020-04-23,-1.3758,NA
2020-04-24,-1.4863,NA
2020-04-25,-1.8093,NA
2020-04-26,-1.8894,NA
2020-04-27,-1.1975,NA
2020-04-28,-1.1851,NA
2020-04-29,-1.2495,NA
2020-04-30,-1.4229,NA
2020-05-01,-1.5882,NA
2020-05-02,-1.6721,NA
2020-05-03,-1.9761,NA
2020-05-04,-1.6165,NA
2020-05-05,-1.2956,NA
2020-05-06,-1.2925,NA
2020-05-07,-1.6,NA
2020-05-08,-1.6636,NA
2020-05-09,-1.8309,NA
2020-05-10,-2.1396,NA
2020-05-11,-1.6701,NA
2020-05-12,-1.4321,NA
2020-05-13,-1.56,NA
2020-05-14,-1.4396,NA
2020-05-15,-1.2911,NA
2020-05-16,-1.6335,NA
2020-05-17,-1.7786,NA
2020-05-18,-1.3473,NA
2020-05-19,-1.1106,NA
2020-05-20,-1.2221,NA
2020-05-21,-1.3287,NA
2020-05-22,-1.3359,NA
2020-05-23,-1.5952,NA
2020-05-24,-1.6769,NA
2020-05-25,-1.6807,NA
2020-05-26,-1.2329,NA
2020-05-27,-1.4868,NA
2020-05-28,-1.6814,NA
2020-05-29,-2.6021,NA
2020-05-30,-3.4661,NA
2020-05-31,-4.1018,NA
2020-06-01,-3.4632,NA
2020-06-02,-3.2036,NA
2020-06-03,-2.6314,NA
2020-06-04,-2.6215,NA
2020-06-05,-2.3537,NA
2020-06-06,-2.424,NA
2020-06-07,-3.2561,NA
2020-06-08,-2.509,NA
2020-06-09,-1.9268,NA
2020-06-10,-1.7418,NA
2020-06-11,-1.7508,NA
2020-06-12,-1.831,NA
2020-06-13,-2.2932,NA
2020-06-14,-2.5545,NA
2020-06-15,-1.6885,NA
2020-06-16,-1.573,NA
2020-06-17,-1.6135,NA
2020-06-18,-1.5174,NA
2020-06-19,-1.4336,NA
2020-06-20,-2.3492,NA
2020-06-21,-2.547,NA
2020-06-22,-1.7634,NA
2020-06-23,-1.6436,NA
2020-06-24,-1.5993,NA
2020-06-25,-1.2698,NA
2020-06-26,-1.6286,NA
2020-06-27,-2.0891,NA
2020-06-28,-2.1875,NA
2020-06-29,-1.8577,NA
2020-06-30,-1.1188,NA
2020-07-01,-1.2606,NA
2020-07-02,-1.3865,NA
2020-07-03,-1.6985,NA
2020-07-04,-1.7889,NA
2020-07-05,-1.7409,NA
2020-07-06,-1.3349,NA
2020-07-07,-1.2596,NA
2020-07-08,-1.4215,NA
2020-07-09,-1.5357,NA
2020-07-10,-1.5293,NA
2020-07-11,-2.4872,NA
2020-07-12,-2.2045,NA
2020-07-13,-1.719,NA
2020-07-14,-1.6519,NA
2020-07-15,-1.4551,NA
2020-07-16,-1.4203,NA
2020-07-17,-1.6365,NA
2020-07-18,-1.9191,NA
2020-07-19,-2.5271,NA
2020-07-20,-1.9158,NA
2020-07-21,-2.0368,NA
2020-07-22,-2.6679,NA
2020-07-23,-2.635,NA
2020-07-24,-2.5745,NA
2020-07-25,-2.9118,NA
2020-07-26,-2.5333,NA
2020-07-27,-2.4142,NA
2020-07-28,-2.4525,NA
2020-07-29,-2.338,NA
2020-07-30,-2.3462,NA
2020-07-31,-2.614,NA
2020-08-01,-2.0758,NA
2020-08-02,-1.8856,NA
2020-08-03,-1.492,NA
2020-08-04,-1.3068,NA
2020-08-05,-1.3452,NA
2020-08-06,-1.5714,NA
2020-08-07,-1.7525,NA
2020-08-08,-2.445,NA
2020-08-09,-2.6215,NA
2020-08-10,-1.9346,NA
2020-08-11,-1.6125,NA
2020-08-12,-0.9158,NA
2020-08-13,-1.1139,NA
2020-08-14,-1.5147,NA
2020-08-15,-1.9122,NA
2020-08-16,-1.8629,NA
2020-08-17,-1.2928,NA
2020-08-18,-1.265,NA
2020-08-19,-1.0075,NA
2020-08-20,-1.5942,NA
2020-08-21,-1.5992,NA
2020-08-22,-1.8714,NA
2020-08-23,-2.1917,NA
2020-08-24,-1.4793,NA
2020-08-25,-1.2982,NA
2020-08-26,-1.448,NA
2020-08-27,-1.9368,NA
2020-08-28,-2.0477,NA
2020-08-29,-1.7391,NA
2020-08-30,-2.4645,NA
2020-08-31,-2.1863,NA
2020-09-01,-1.9948,NA
2020-09-02,-1.7078,NA
2020-09-03,-1.5856,NA
2020-09-04,-2.0743,NA
2020-09-05,-2.3344,NA
2020-09-06,-2.4658,NA
2020-09-07,-1.9578,NA
2020-09-08,-1.3876,NA
2020-09-09,-1.153,NA
2020-09-10,-1.3696,NA
2020-09-11,-1.8893,NA
2020-09-12,-2.1241,NA
2020-09-13,-2.4408,NA
2020-09-14,-1.6449,NA
2020-09-15,-1.4673,NA
2020-09-16,-1.2451,NA
2020-09-17,-1.4313,NA
2020-09-18,-1.529,NA
2020-09-19,-0.6909,NA
2020-09-20,-1.2444,NA
2020-09-21,-1.129,NA
2020-09-22,-1.0897,NA
2020-09-23,-1.228,NA
2020-09-24,-1.3987,NA
2020-09-25,-1.3503,NA
2020-09-26,-1.7597,NA
2020-09-27,-1.7564,NA
2020-09-28,-1.5943,NA
2020-09-29,-1.4476,NA
2020-09-30,-2.0667,NA
2020-10-01,-1.5532,NA
2021-01-01,-1.6884,NA
2021-01-02,-2.3311,NA
2021-01-03,-2.1157,NA
2021-01-04,-1.579,NA
2021-01-05,-1.4707,NA
2021-01-06,-1.708,NA
2021-01-07,-3.298,NA
2021-01-08,-2.7095,NA
2021-01-09,-3.2722,NA
2021-01-10,-3.1634,NA
2021-01-11,-2.5868,NA
2021-01-12,-2.2117,NA
2021-01-13,-2.9254,NA
2021-01-14,-2.3495,NA
2021-01-15,-2.0544,NA
2021-01-16,-2.1274,NA
2021-01-17,-2.5405,NA
2021-01-18,-2.0134,NA
2021-01-19,-1.2384,NA
2021-01-20,-0.727,NA
2021-01-21,-0.6544,NA
2021-01-22,-1.427,NA
2021-01-23,-1.9088,NA
2021-01-24,-1.8704,NA
2021-01-25,-1.4069,NA
2021-01-26,-1.2915,NA
2021-01-27,-1.2318,NA
2021-01-28,-1.3145,NA
2021-01-29,-1.3134,NA
2021-01-30,-1.6197,NA
2021-01-31,-2.0245,NA
2021-02-01,-1.3048,NA
2021-02-02,-1.0247,NA
2021-02-03,-1.1008,NA
2021-02-04,-1.6339,NA
2021-02-05,-1.4463,NA
2021-02-06,-1.7744,NA
2021-02-07,-1.9419,NA
2021-02-08,-1.2706,NA
2021-02-09,-1.9263,NA
2021-02-10,-1.8948,NA
2021-02-11,-2.0005,NA
2021-02-12,-2.0777,NA
2021-02-13,-3.2884,NA
2021-02-14,-3.1218,NA
2021-02-15,-1.8294,NA
2021-02-16,-1.6492,NA
2021-02-17,-1.4056,NA
2021-02-18,-1.2768,NA
2021-02-19,-1.4555,NA
2021-02-20,-1.9575,NA
2021-02-21,-2.0219,NA
2021-02-22,-1.6171,NA
2021-02-23,-1.2801,NA
2021-02-24,-1.1441,NA
2021-02-25,-1.0725,NA
2021-02-26,-1.1929,NA
2021-02-27,-1.3578,NA
2021-02-28,-1.6646,NA
2021-03-01,-1.0309,NA
2021-03-02,-1.3615,NA
2021-03-03,-1.2691,NA
2021-03-04,-1.1633,NA
2021-03-05,-1.2688,NA
2021-03-06,-1.3355,NA
2021-03-07,-1.6835,NA
2021-03-08,-0.958,NA
2021-03-09,-0.8892,NA
2021-03-10,-0.8217,NA
2021-03-11,-0.7697,NA
2021-03-12,-0.822,NA
2021-03-13,-1.445,NA
2021-03-14,-1.6016,NA
2021-03-15,-1.0176,NA
2021-03-16,-0.7953,NA
2021-03-17,-1.3962,NA
2021-03-18,-1.6978,NA
2021-03-19,-1.4821,NA
2021-03-20,-2.1566,NA
2021-03-21,-2.1179,NA
2021-03-22,-1.4907,NA
2021-03-23,-1.5767,NA
2021-03-24,-1.6721,NA
2021-03-25,-1.2263,NA
2021-03-26,-1.5541,NA
2021-03-27,-1.5883,NA
2021-03-28,-1.9499,NA
2021-03-29,-1.2385,NA
2021-03-30,-1.0417,NA
2021-03-31,-1.5159,NA
2021-04-01,-0.7518,NA
2021-04-02,-1.4448,NA
2021-04-03,-2.0875,NA
2021-04-04,-1.5556,NA
2021-04-05,-1.3688,NA
2021-04-06,-0.9017,NA
2021-04-07,-1.0347,NA
2021-04-08,-1.1865,NA
2021-04-09,-1.201,NA
2021-04-10,-1.6247,NA
2021-04-11,-1.4573,NA
2021-04-12,-1.1882,NA
2021-04-13,-1.1716,NA
2021-04-14,-1.2062,NA
2021-04-15,-1.3937,NA
2021-04-16,-1.5972,NA
2021-04-17,-2.2205,NA
2021-04-18,-2.197,NA
2021-04-19,-1.2206,NA
2021-04-20,-1.4114,NA
2021-04-21,-1.4857,NA
2021-04-22,-0.9652,NA
2021-04-23,-0.9506,NA
2021-04-24,-1.8068,NA
2021-04-25,-1.996,NA
2021-04-26,-0.8421,NA
2021-04-27,-0.7986,NA
2021-04-28,-0.9969,NA
2021-04-29,-0.9286,NA
2021-04-30,-1.0372,NA
2021-05-01,-1.3215,NA
2021-05-02,-1.431,NA
2021-05-03,-0.7361,NA
2021-05-04,-0.7612,NA
2021-05-05,-0.9536,NA
2021-05-06,-0.6732,NA
2021-05-07,-1.2438,NA
2021-05-08,-1.458,NA
2021-05-09,-1.2399,NA
2021-05-10,-1.3541,NA
2021-05-11,-0.8772,NA
2021-05-12,-1.2902,NA
2021-05-13,-1.2382,NA
2021-05-14,-1.6002,NA
2021-05-15,-2.2154,NA
2021-05-16,-2.5188,NA
2021-05-17,-1.395,NA
2021-05-18,-1.3434,NA
2021-05-19,-1.6184,NA
2021-05-20,-1.2665,NA
2021-05-21,-1.0741,NA
2021-05-22,-1.4016,NA
2021-05-23,-2.1789,NA
2021-05-24,-1.3986,NA
2021-05-25,-1.3262,NA
2021-05-26,-1.0548,NA
2021-05-27,-1.1855,NA
2021-05-28,-1.2517,NA
2021-05-29,-2.1087,NA
2021-05-30,-1.7164,NA
2021-05-31,-1.66,NA
2021-06-01,-1.3218,NA
2021-06-02,-0.87,NA
2021-06-03,-0.7125,NA
2021-06-04,-1.4283,NA
2021-06-05,-1.6444,NA
2021-06-06,-1.7162,NA
2021-06-07,-0.8229,NA
2021-06-08,-1.0239,NA
2021-06-09,-1.1398,NA
2021-06-10,-0.9588,NA
2021-06-11,-1.0178,NA
2021-06-12,-1.5768,NA
2021-06-13,-1.1853,NA
2021-06-14,-1.0921,NA
2021-06-15,-1.1021,NA
2021-06-16,-1.0483,NA
2021-06-17,-0.7786,NA
2021-06-18,-0.8136,NA
2021-06-19,-0.7737,NA
2021-06-20,-1.6369,NA
2021-06-21,-0.897,NA
2021-06-22,-0.9778,NA
2021-06-23,-1.3949,NA
2021-06-24,-1.3679,NA
2021-06-25,-1.3112,NA
2021-06-26,-1.3552,NA
2021-06-27,-1.3934,NA
2021-06-28,-1.0109,NA
2021-06-29,-1.1279,NA
2021-06-30,-1.522,NA
2021-07-01,-1.6528,NA
2021-07-02,-1.7856,NA
2021-07-03,-1.5462,NA
2021-07-04,-1.5437,NA
2021-07-05,-1.7983,NA
2021-07-06,-1.2199,NA
2021-07-07,-1.7188,NA
2021-07-08,-1.8137,NA
2021-07-09,-1.5072,NA
2021-07-10,-1.7193,NA
2021-07-11,-1.5365,NA
2021-07-12,-1.8097,NA
2021-07-13,-1.557,NA
2021-07-14,-1.1542,NA
2021-07-15,-1.1572,NA
2021-07-16,-1.7482,NA
2021-07-17,-2.1616,NA
2021-07-18,-2.1599,NA
2021-07-19,-1.5544,NA
2021-07-20,-1.1778,NA
2021-07-21,-1.0687,NA
2021-07-22,-1.1394,NA
2021-07-23,-1.4792,NA
2021-07-24,-1.5263,NA
2021-07-25,-1.5394,NA
2021-07-26,-1.4345,NA
2021-07-27,-1.1411,NA
2021-07-28,-1.2171,NA
2021-07-29,-0.6525,NA
2021-07-30,-0.9975,NA
2021-07-31,-1.7269,NA
2021-08-01,-1.8811,NA
2021-08-02,-1.1361,NA
2021-08-03,-0.9768,NA
2021-08-04,-1.1851,NA
2021-08-05,-1.0364,NA
2021-08-06,-1.1803,NA
2021-08-07,-1.3073,NA
2021-08-08,-1.4941,NA
2021-08-09,-1.1497,NA
2021-08-10,-1.0158,NA
2021-08-11,-0.9777,NA
2021-08-12,-0.7651,NA
2021-08-13,-1.3316,NA
2021-08-14,-1.8493,NA
2021-08-15,-2.1197,NA
2021-08-16,-1.6446,NA
2021-08-17,-1.2022,NA
2021-08-18,-1.4192,NA
2021-08-19,-1.6408,NA
2021-08-20,-1.8899,NA
2021-08-21,-2.012,NA
2021-08-22,-2.2704,NA
2021-08-23,-1.451,NA
2021-08-24,-1.4939,NA
2021-08-25,-1.5143,NA
2021-08-26,-2.3295,NA
2021-08-27,-2.6394,NA
2021-08-28,-2.9535,NA
2021-08-29,-2.9766,NA
2021-08-30,-2.3721,NA
2021-08-31,-1.7604,NA
2021-09-01,-1.5368,NA
2021-09-02,-1.6092,NA
2021-09-03,-2.3024,NA
2021-09-04,-2.2488,NA
2021-09-05,-2.0184,NA
2021-09-06,-1.9667,NA
2021-09-07,-1.6927,NA
2021-09-08,-1.2838,NA
2021-09-09,-1.1964,NA
2021-09-10,-1.8334,NA
2021-09-11,-2.1529,NA
2021-09-12,-1.8044,NA
2021-09-13,-1.2641,NA
2021-09-14,-1.0715,NA
2021-09-15,-0.9744,NA
2021-09-16,-0.9514,NA
2021-09-17,-1.2661,NA
2021-09-18,-1.8476,NA
2021-09-19,-1.6949,NA
2021-09-20,-1.2208,NA
2021-09-21,-1.3509,NA
2021-09-22,-1.1185,NA
2021-09-23,-0.9474,NA
2021-09-24,-1.2963,NA
2021-09-25,-1.965,NA
2021-09-26,-2.2679,NA
2021-09-27,-1.1909,NA
2021-09-28,-1.1033,NA
2021-09-29,-1.2489,NA
2021-09-30,-1.3637,NA
2021-10-01,-1.1191,NA
2021-10-02,-1.9025,NA
2021-10-03,-2.2842,NA
2021-10-04,-1.1067,NA
2021-10-05,-1.1002,NA
2021-10-06,-1.2423,NA
2021-10-07,-1.2095,NA
2021-10-08,-0.8789,NA
2021-10-09,-1.5613,NA
2021-10-10,-1.4569,NA
2021-10-11,-0.9078,NA
2021-10-12,-0.8696,NA
2021-10-13,-1.1322,NA
2021-10-14,-0.8852,NA
2021-10-15,-1.3225,NA
2021-10-16,-1.6897,NA
2021-10-17,-1.9599,NA
2021-10-18,-0.9563,NA
2021-10-19,-1.0585,NA
2021-10-20,-1.0094,NA
2021-10-21,-0.9929,NA
2021-10-22,-1.3041,NA
2021-10-23,-1.6383,NA
2021-10-24,-1.2866,NA
2021-10-25,-1.1335,NA
2021-10-26,-0.9894,NA
2021-10-27,-1.2605,NA
2021-10-28,-0.9011,NA
2021-10-29,-1.1014,NA
2021-10-30,-1.3634,NA
2021-10-31,-0.7135,NA
2021-11-01,-1.0719,NA
2021-11-02,-0.8069,NA
2021-11-03,-0.6864,NA
2021-11-04,-0.9915,NA
2021-11-05,-1.2212,NA
2021-11-06,-1.4098,NA
2021-11-07,-1.5175,NA
2021-11-08,-1.1121,NA
2021-11-09,-0.8986,NA
2021-11-10,-0.9722,NA
2021-11-11,-0.8105,NA
2021-11-12,-0.8192,NA
2021-11-13,-1.6779,NA
2021-11-14,-2.0288,NA
2021-11-15,-0.8102,NA
2021-11-16,-0.5028,NA
2021-11-17,-0.857,NA
2021-11-18,-0.7191,NA
2021-11-19,-1.0716,NA
2021-11-20,-1.5177,NA
2021-11-21,-1.5673,NA
2021-11-22,-1.2293,NA
2021-11-23,-1.2095,NA
2021-11-24,-1.024,NA
2021-11-25,-1.5933,NA
2021-11-26,-1.4335,NA
2021-11-27,-1.2941,NA
2021-11-28,-1.7996,NA
2021-11-29,-1.2276,NA
2021-11-30,-0.7092,NA
2021-12-01,-1.3886,NA
2021-12-02,-1.2038,NA
2021-12-03,-1.4467,NA
2021-12-04,-1.6231,NA
2021-12-05,-1.5693,NA
2021-12-06,-1.3663,NA
2021-12-07,-0.9656,NA
2021-12-08,-1.1155,NA
2021-12-09,-0.9362,NA
2021-12-10,-1.5026,NA
2021-12-11,-1.9019,NA
2021-12-12,-1.6444,NA
2021-12-13,-1.1059,NA
2021-12-14,-1.1019,NA
2021-12-15,-1.3541,NA
2021-12-16,-1.1222,NA
2021-12-17,-1.0722,NA
2021-12-18,-1.7744,NA
2021-12-19,-1.5686,NA
2021-12-20,-1.1379,NA
2021-12-21,-1.1131,NA
2021-12-22,-0.9104,NA
2021-12-23,-1.3121,NA
2021-12-24,-1.5073,NA
2021-12-25,-1.4206,NA
2021-12-26,-1.1101,NA
2021-12-27,-1.1998,NA
2021-12-28,-1.3337,NA
2021-12-29,-1.0685,NA
2021-12-30,-1.2276,NA
2021-12-31,-1.368,NA
2022-01-01,-1.2374,NA
2022-01-02,-2.4942,NA
2022-01-03,-1.697,NA
2022-01-04,-1.33,NA
2022-01-05,-1.5034,NA
2022-01-06,-2.1456,NA
2022-01-07,-1.7089,NA
2022-01-08,-1.4959,NA
2022-01-09,-1.8439,NA
2022-01-10,-1.3344,NA
2022-01-11,-0.9936,NA
2022-01-12,-1.201,NA
2022-01-13,-1.3686,NA
2022-01-14,-1.3995,NA
2022-01-15,-1.615,NA
2022-01-16,-2.4118,NA
2022-01-17,-1.5688,NA
2022-01-18,-0.7805,NA
2022-01-19,-1.1146,NA
2022-01-20,-1.2196,NA
2022-01-21,-1.4206,NA
2022-01-22,-1.3305,NA
2022-01-23,-1.988,NA
2022-01-24,-1.3299,NA
2022-01-25,-1.1304,NA
2022-01-26,-0.6889,NA
2022-01-27,-0.5847,NA
2022-01-28,-1.1999,NA
2022-01-29,-1.3532,NA
2022-01-30,-1.7159,NA
2022-01-31,-1.2416,NA
2022-02-01,-0.9501,NA
2022-02-02,-1.1192,NA
2022-02-03,-1.3143,NA
2022-02-04,-1.409,NA
2022-02-05,-1.9081,NA
2022-02-06,-1.8724,NA
2022-02-07,-1.0266,NA
2022-02-08,-1.0134,NA
2022-02-09,-0.893,NA
2022-02-10,-1.2293,NA
2022-02-11,-1.2932,NA
2022-02-12,-1.8338,NA
2022-02-13,-1.6629,NA
2022-02-14,-1.0587,NA
2022-02-15,-1.1321,NA
2022-02-16,-1.0475,NA
2022-02-17,-1.1302,NA
2022-02-18,-1.7014,NA
2022-02-19,-2.1247,NA
2022-02-20,-1.624,NA
2022-02-21,-1.4815,NA
2022-02-22,-1.6371,NA
2022-02-23,-1.644,NA
2022-02-24,-2.7114,NA
2022-02-25,-2.0096,NA
2022-02-26,-2.4365,NA
2022-02-27,-2.2685,NA
2022-02-28,-1.9301,NA
2022-03-01,-1.6675,NA
2022-03-02,-1.5297,NA
2022-03-03,-1.6516,NA
2022-03-04,-2.0436,NA
2022-03-05,-2.521,NA
2022-03-06,-2.3743,NA
2022-03-07,-1.8536,NA
2022-03-08,-1.8755,NA
2022-03-09,-1.8221,NA
2022-03-10,-1.7287,NA
2022-03-11,-2.0944,NA
2022-03-12,-2.1869,NA
2022-03-13,-2.2844,NA
2022-03-14,-1.6687,NA
2022-03-15,-1.2963,NA
2022-03-16,-1.1869,NA
2022-03-17,-1.5287,NA
2022-03-18,-1.5892,NA
2022-03-19,-1.8071,NA
2022-03-20,-2.0876,NA
2022-03-21,-1.4717,NA
2022-03-22,-1.4491,NA
2022-03-23,-1.5159,NA
2022-03-24,-1.6398,NA
2022-03-25,-1.4316,NA
2022-03-26,-1.8974,NA
2022-03-27,-1.8046,NA
2022-03-28,-1.1369,NA
2022-03-29,-1.3148,NA
2022-03-30,-1.0908,NA
2022-03-31,-1.005,NA
2022-04-01,-1.3334,NA
2022-04-02,-1.9946,NA
2022-04-03,-2.3009,NA
2022-04-04,-1.3337,NA
2022-04-05,-1.7028,NA
2022-04-06,-1.7392,NA
2022-04-07,-1.502,NA
2022-04-08,-1.6259,NA
2022-04-09,-2.4609,NA
2022-04-10,-1.9325,NA
2022-04-11,-1.559,NA
2022-04-12,-1.609,NA
2022-04-13,-1.4884,NA
2022-04-14,-1.5503,NA
2022-04-15,-1.5647,NA
2022-04-16,-1.9591,NA
2022-04-17,-2.3327,NA
2022-04-18,-1.4915,NA
2022-04-19,-1.3182,NA
2022-04-20,-0.9236,NA
2022-04-21,-0.9759,NA
2022-04-22,-1.4064,NA
2022-04-23,-1.7201,NA
2022-04-24,-1.5097,NA
2022-04-25,-0.9673,NA
2022-04-26,-1.1747,NA
2022-04-27,-0.9588,NA
2022-04-28,-1.215,NA
2022-04-29,-1.2152,NA
2022-04-30,-1.6953,NA
2022-05-01,-1.3216,NA
2022-05-02,-1.0158,NA
2022-05-03,-1.1461,NA
2022-05-04,-0.9797,NA
2022-05-05,-1.1145,NA
2022-05-06,-1.4704,NA
2022-05-07,-1.7629,NA
2022-05-08,-2.1615,NA
2022-05-09,-1.4148,NA
2022-05-10,-1.0216,NA
2022-05-11,-0.96,NA
2022-05-12,-1.1642,NA
2022-05-13,-1.4586,NA
2022-05-14,-1.7124,NA
2022-05-15,-2.1207,NA
2022-05-16,-1.3251,NA
2022-05-17,-1.1371,NA
2022-05-18,-1.0386,NA
2022-05-19,-1.2354,NA
2022-05-20,-1.4371,NA
2022-05-21,-1.6219,NA
2022-05-22,-1.3893,NA
2022-05-23,-1.3785,NA
2022-05-24,-1.1768,NA
2022-05-25,-1.9919,NA
2022-05-26,-1.3823,NA
2022-05-27,-1.7073,NA
2022-05-28,-2.108,NA
2022-05-29,-2.0298,NA
2022-05-30,-1.6346,NA
2022-05-31,-1.2055,NA
2022-06-01,-1.0019,NA
2022-06-02,-1.0069,NA
2022-06-03,-1.5563,NA
2022-06-04,-1.8137,NA
2022-06-05,-1.7624,NA
2022-06-06,-1.0633,NA
2022-06-07,-1.0484,NA
2022-06-08,-0.9047,NA
2022-06-09,-1.3097,NA
2022-06-10,-1.774,NA
2022-06-11,-1.7301,NA
2022-06-12,-1.5781,NA
2022-06-13,-1.4171,NA
2022-06-14,-0.9644,NA
2022-06-15,-1.0271,NA
2022-06-16,-1.4236,NA
2022-06-17,-1.3323,NA
2022-06-18,-0.941,NA
2022-06-19,-0.8499,NA
2022-06-20,-0.7166,NA
2022-06-21,-1.2109,NA
2022-06-22,-1.1899,NA
2022-06-23,-1.2233,NA
2022-06-24,-1.8355,NA
2022-06-25,-2.0463,NA
2022-06-26,-1.8057,NA
2022-06-27,-1.372,NA
2022-06-28,-1.5093,NA
2022-06-29,-1.1571,NA
2022-06-30,-1.0039,NA
2022-07-01,-0.8724,NA
2023-01-01,-1.2289,NA
2023-01-02,-1.42,NA
2023-01-03,-0.7307,NA
2023-01-04,-0.6758,NA
2023-01-05,-0.8398,NA
2023-01-06,-1.5126,NA
2023-01-07,-1.9305,NA
2023-01-08,-2.2396,NA
2023-01-09,-1.3532,NA
2023-01-10,-0.7297,NA
2023-01-11,-0.7784,NA
2023-01-12,-0.5192,NA
2023-01-13,-1.1454,NA
2023-01-14,-1.5805,NA
2023-01-15,-1.8919,NA
2023-01-16,-1.1167,NA
2023-01-17,-0.6978,NA
2023-01-18,-1.1587,NA
2023-01-19,-1.1023,NA
2023-01-20,-1.21,NA
2023-01-21,-1.4089,NA
2023-01-22,-1.6583,NA
2023-01-23,-1.2861,NA
2023-01-24,-1.2835,NA
2023-01-25,-1.0097,NA
2023-01-26,-1.1778,NA
2023-01-27,-1.487,NA
2023-01-28,-2.0573,NA
2023-01-29,-2.2202,NA
2023-01-30,-1.0911,NA
2023-01-31,-1.1469,NA
2023-02-01,-0.7403,NA
2023-02-02,-0.6648,NA
2023-02-03,-0.9047,NA
2023-02-04,-1.24,NA
2023-02-05,-1.5793,NA
2023-02-06,-1.2864,NA
2023-02-07,-1.0113,NA
2023-02-08,-0.9606,NA
2023-02-09,-0.9529,NA
2023-02-10,-0.9262,NA
2023-02-11,-1.7195,NA
2023-02-12,-1.352,NA
2023-02-13,-0.9399,NA
2023-02-14,-0.9004,NA
2023-02-15,-0.9123,NA
2023-02-16,-0.9669,NA
2023-02-17,-1.1445,NA
2023-02-18,-1.9335,NA
2023-02-19,-1.4133,NA
2023-02-20,-0.9418,NA
2023-02-21,-1.0325,NA
2023-02-22,-0.8848,NA
2023-02-23,-1.3913,NA
2023-02-24,-1.4096,NA
2023-02-25,-1.5117,NA
2023-02-26,-1.7602,NA
2023-02-27,-0.9654,NA
2023-02-28,-0.9795,NA
2023-03-01,-0.9028,NA
2023-03-02,-0.9023,NA
2023-03-03,-1.2183,NA
2023-03-04,-1.0456,NA
2023-03-05,-0.9971,NA
2023-03-06,-1.0507,NA
2023-03-07,-1.1519,NA
2023-03-08,-1.0637,NA
2023-03-09,-1.2269,NA
2023-03-10,-1.1478,NA
2023-03-11,-1.4322,NA
2023-03-12,-1.915,NA
2023-03-13,-0.9905,NA
2023-03-14,-1.008,NA
2023-03-15,-1.0766,NA
2023-03-16,-0.9723,NA
2023-03-17,-1.3737,NA
2023-03-18,-2.4998,NA
2023-03-19,-2.5669,NA
2023-03-20,-1.7352,NA
2023-03-21,-1.4594,NA
2023-03-22,-0.7961,NA
2023-03-24,-1.2278,NA
2023-03-25,-1.6354,NA
2023-03-26,-2.236,NA
2023-03-27,-1.6478,NA
2023-03-28,-1.5454,NA
2023-03-29,-1.1381,NA
2023-03-30,-1.2347,NA
2023-03-31,-2.6546,NA
2023-04-01,-2.4326,NA
2023-04-02,-2.4547,NA
2023-04-03,-1.4754,NA
2023-04-04,-2.0595,NA
2023-04-05,-1.671,NA
2023-04-06,-1.0172,NA
2023-04-07,-1.3236,NA
2023-04-08,-1.7992,NA
2023-04-09,-1.7204,NA
2023-04-10,-1.1979,NA
2023-04-11,-1.2245,NA
2023-04-12,-1.2149,NA
2023-04-13,-1.0961,NA
2023-04-14,-1.2462,NA
2023-04-15,-1.5348,NA
2023-04-16,-1.2657,NA
2023-04-17,-1.3558,NA
2023-04-18,-1.3111,NA
2023-04-19,-1.4795,NA
2023-04-20,-0.9825,NA
2023-04-21,-1.1313,NA
2023-04-22,-1.527,NA
2023-04-23,-1.7956,NA
2023-04-24,-1.0393,NA
2023-04-25,-0.9567,NA
2023-04-26,-1.2449,NA
2023-04-27,-0.8831,NA
2023-04-28,-0.7953,NA
2023-04-29,-1.203,NA
2023-04-30,-0.6483,NA
2023-05-01,-0.8257,NA
2023-05-02,-0.6246,NA
2023-05-03,-1.0226,NA
2023-05-04,-1.1361,NA
2023-05-05,-1.0194,NA
2023-05-06,-1.1023,NA
2023-05-07,-1.7622,NA
2023-05-08,-1.6449,NA
2023-05-09,-1.2887,NA
2023-05-10,-1.1822,NA
2023-05-11,-1.6434,NA
2023-05-12,-1.3553,NA
2023-05-13,-1.263,NA
2023-05-14,-1.064,NA
2023-05-15,-0.8826,NA
2023-05-16,-0.8664,NA
2023-05-17,-1.0835,NA
2023-05-18,-0.8177,NA
2023-05-19,-1.1529,NA
2023-05-20,-1.1506,NA
2023-05-21,-1.6851,NA
2023-05-22,-0.9526,NA
2023-05-23,-1.2285,NA
2023-05-24,-1.2746,NA
2023-05-25,-1.1631,NA
2023-05-26,-1.5025,NA
2023-05-27,-1.641,NA
2023-05-28,-1.7959,NA
2023-05-29,-1.501,NA
2023-05-30,-1.3256,NA
2023-05-31,-1.0036,NA
2023-06-01,-0.9541,NA
2023-06-02,-1.2604,NA
2023-06-03,-1.5114,NA
2023-06-04,-1.3276,NA
2023-06-05,-0.6913,NA
2023-06-06,-1.0964,NA
2023-06-07,-1.1731,NA
2023-06-08,-1.1177,NA
2023-06-09,-2.2515,NA
2023-06-10,-2.0039,NA
2023-06-11,-1.3744,NA
2023-06-12,-1.0656,NA
2023-06-13,-0.9883,NA
2023-06-14,-1.3563,NA
2023-06-15,-0.888,NA
2023-06-16,-0.9168,NA
2023-06-17,-1.2868,NA
2023-06-18,-1.044,NA
2023-06-19,-0.9754,NA
2023-06-20,-1.2906,NA
2023-06-21,-1.1187,NA
2023-06-22,-1.188,NA
2023-06-23,-1.1389,NA
2023-06-24,-2.5858,NA
2023-06-25,-2.0881,NA
2023-06-26,-1.1589,NA
2023-06-27,-1.2287,NA
2023-06-28,-0.8621,NA
2023-06-29,-0.7353,NA
2023-06-30,-1.1749,NA
2023-07-01,-1.4759,NA
2023-07-02,-1.6763,NA
2023-07-03,-1.3359,NA
2023-07-04,-1.282,NA
2023-07-05,-1.3011,NA
2023-07-06,-1.1832,NA
2023-07-07,-1.235,NA
2023-07-08,-1.2358,NA
2023-07-09,-1.3281,NA
2023-07-10,-0.6045,NA
2023-07-11,-0.9681,NA
2023-07-12,-0.9837,NA
2023-07-13,-1.131,NA
2023-07-14,-1.206,NA
2023-07-15,-1.1227,NA
2023-07-16,-0.9922,NA
2023-07-17,-0.9496,NA
2023-07-18,-1.2959,NA
2023-07-19,-1.6037,NA
2023-07-20,-0.9648,NA
2023-07-21,-1.0835,NA
2023-07-22,-1.19,NA
2023-07-23,-1.3602,NA
2023-07-24,-0.9932,NA
2023-07-25,-0.8725,NA
2023-07-26,-1.3361,NA
2023-07-27,-1.0838,NA
2023-07-28,-1.2409,NA
2023-07-29,-1.3671,NA
2023-07-30,-1.5474,NA
2023-07-31,-1.3086,NA
2023-08-01,-1.3754,NA
2023-08-02,-2.8164,NA
2023-08-03,-1.6833,NA
2023-08-04,-1.6196,NA
2023-08-05,-1.8429,NA
2023-08-06,-1.9323,NA
2023-08-07,-1.2519,NA
2023-08-08,-0.9801,NA
2023-08-09,-1.0315,NA
2023-08-10,-1.7884,NA
2023-08-11,-1.6924,NA
2023-08-12,-1.8009,NA
2023-08-13,-1.8435,NA
2023-08-14,-1.1479,NA
2023-08-15,-2.3349,NA
2023-08-16,-1.4922,NA
2023-08-17,-1.4249,NA
2023-08-18,-1.7272,NA
2023-08-19,-1.6011,NA
2023-08-20,-2.0435,NA
2023-08-21,-1.4203,NA
2023-08-22,-1.4494,NA
2023-08-23,-1.6057,NA
2023-08-24,-2.2139,NA
2023-08-25,-2.3557,NA
2023-08-26,-1.4749,NA
2023-08-27,-2.6938,NA
2023-08-28,-1.834,NA
2023-08-29,-1.2824,NA
2023-08-30,-1.6248,NA
2023-08-31,-1.8569,NA
2023-09-01,-1.4941,NA
2023-09-02,-1.4589,NA
2023-09-03,-0.9624,NA
2023-09-04,-0.9962,NA
2023-09-05,-1.4142,NA
2023-09-06,-1.3943,NA
2023-09-07,-1.0617,NA
2023-09-08,-1.2951,NA
2023-09-09,-1.447,NA
2023-09-10,-0.8379,NA
2023-09-11,-0.9852,NA
2023-09-12,-1.1148,NA
2023-09-13,-0.929,NA
2023-09-14,-1.2853,NA
2023-09-15,-1.5548,NA
2023-09-16,-1.9253,NA
2023-09-17,-1.6386,NA
2023-09-18,-0.997,NA
2023-09-19,-1.2221,NA
2023-09-20,-1.08,NA
2023-09-21,-0.8501,NA
2023-09-22,-0.9841,NA
2023-09-23,-1.6166,NA
2023-09-24,-1.1086,NA
2023-09-25,-0.7223,NA
2023-09-26,-1.0443,NA
2023-09-27,-0.7264,NA
2023-09-28,-1.4807,NA
2023-09-29,-1.3163,NA
2023-09-30,-1.3255,NA
2023-10-01,-1.1047,NA
2023-10-02,-0.8464,NA
2023-10-03,-1.024,NA
2023-10-04,-1.0428,NA
2023-10-05,-0.9745,NA
2023-10-06,-1.1057,NA
2023-10-07,-1.9312,NA
2023-10-08,-2.6283,NA
2023-10-09,-1.2831,NA
2023-10-10,-1.4973,NA
2023-10-11,-1.6613,NA
2023-10-12,-1.4763,NA
2023-10-13,-1.6368,NA
2023-10-14,-1.5791,NA
2023-10-15,-1.7793,NA
2023-10-16,-1.8088,NA
2023-10-17,-1.6413,NA
2023-10-18,-1.9022,NA
2023-10-19,-1.5472,NA
2023-10-20,-2.1777,NA
2023-10-21,-2.0242,NA
2023-10-22,-2.3345,NA
2023-10-23,-1.2336,NA
2023-10-24,-1.6266,NA
2023-10-25,-1.2888,NA
2023-10-26,-1.4555,NA
2023-10-27,-1.1602,NA
2023-10-28,-1.7573,NA
2023-10-29,-1.5681,NA
2023-10-30,-1.4008,NA
2023-10-31,-1.1013,NA
2023-11-01,-0.9596,NA
2023-11-02,-1.1113,NA
2023-11-03,-1.3899,NA
2023-11-04,-1.4147,NA
2023-11-05,-2.0325,NA
2023-11-06,-1.0175,NA
2023-11-07,-1.0305,NA
2023-11-08,-1.0115,NA
2023-11-09,-1.2147,NA
2023-11-10,-0.9271,NA
2023-11-11,-1.7021,NA
2023-11-12,-1.7647,NA
2023-11-13,-1.2834,NA
2023-11-14,-1.1962,NA
2023-11-15,-1.1301,NA
2023-11-16,-0.9366,NA
2023-11-17,-0.883,NA
2023-11-18,-1.446,NA
2023-11-19,-1.6607,NA
2023-11-20,-0.2645,NA
2023-11-21,-0.9865,NA
2023-11-22,-1.1842,NA
2023-11-23,-1.471,NA
2023-11-24,-1.0894,NA
2023-11-25,-1.2675,NA
2023-11-26,-2.1907,NA
2023-11-27,-1.1453,NA
2023-11-28,-0.6458,NA
2023-11-29,-0.6508,NA
2023-11-30,-0.7979,NA
2023-12-01,-1.1356,NA
2023-12-02,-1.6474,NA
2023-12-03,-1.7745,NA
2023-12-04,-1.048,NA
2023-12-05,-1.0983,NA
2023-12-06,-1.269,NA
2023-12-07,-1.4808,NA
2023-12-08,-1.9005,NA
2023-12-09,-1.6392,NA
2023-12-10,-2.0604,NA
2023-12-11,-1.9181,NA
2023-12-12,-1.3747,NA
2023-12-13,-1.605,NA
2023-12-14,-1.4162,NA
2023-12-15,-1.3031,NA
2023-12-16,-1.8137,NA
2023-12-17,-1.4765,NA
2023-12-18,-1.3451,NA
2023-12-19,-1.377,NA
2023-12-20,-1.3286,NA
2023-12-21,-1.4867,NA
2023-12-22,-1.5779,NA
2023-12-23,-1.4562,NA
2023-12-24,-1.8572,NA
2023-12-25,-2.3818,NA
2023-12-26,-1.9196,NA
2023-12-27,-1.3241,NA
2023-12-28,-1.5446,NA
2023-12-29,-1.8888,NA
2023-12-30,-1.8738,NA
2023-12-31,-1.554,NA
2024-01-01,-1.5556,NA
2024-01-02,-2.0777,NA
2024-01-03,-2.1163,NA
2024-01-04,-1.997,NA
2024-01-05,-1.7915,NA
2024-01-06,-2.0832,NA
2024-01-07,-1.6503,NA
2024-01-08,-1.0759,NA
2024-01-09,-1.4769,NA
2024-01-10,-1.7541,NA
2024-01-11,-1.5237,NA
2024-01-12,-1.8981,NA
2024-01-13,-1.9631,NA
2024-01-14,-1.537,NA
2024-01-15,-1.3046,NA
2024-01-16,-0.8739,NA
2024-01-17,-1.2074,NA
2024-01-18,-1.1612,NA
2024-01-19,-1.3302,NA
2024-01-20,-1.7747,NA
2024-01-21,-1.5147,NA
2024-01-22,-0.9608,NA
2024-01-23,-0.3268,NA
2024-01-24,-0.4028,NA
2024-01-25,-0.9731,NA
2024-01-26,-1.3313,NA
2024-01-27,-1.766,NA
2024-01-28,-1.8078,NA
2024-01-29,-1.5786,NA
2024-01-30,-1.1274,NA
2024-01-31,-1.2056,NA
2024-02-01,-1.0688,NA
2024-02-02,-1.4916,NA
2024-02-03,-1.6542,NA
2024-02-04,-1.8032,NA
2024-02-05,-1.263,NA
2024-02-06,-1.1799,NA
2024-02-07,-1.3454,NA
2024-02-08,-1.1022,NA
2024-02-09,-1.0544,NA
2024-02-10,-1.058,NA
2024-02-11,-1.6256,NA
2024-02-12,-0.866,NA
2024-02-13,-0.7232,NA
2024-02-14,-1.0099,NA
2024-02-15,-1.2573,NA
2024-02-16,-2.0124,NA
2024-02-17,-1.9397,NA
2024-02-18,-1.4622,NA
2024-02-19,-0.9524,NA
2024-02-20,-1.1294,NA
2024-02-21,-0.9504,NA
2024-02-22,-0.9469,NA
2024-02-23,-1.0598,NA
2024-02-24,-1.4274,NA
2024-02-25,-0.9342,NA
2024-02-26,-1.2088,NA
2024-02-27,-1.0532,NA
2024-02-28,-0.9564,NA
2024-02-29,-1.2461,NA
2024-03-01,-1.3132,NA
2024-03-02,-0.9116,NA
2024-03-03,-0.9048,NA
2024-03-04,-1.0806,NA
2024-03-05,-0.534,NA
2024-03-06,-0.436,NA
2024-03-07,-1.0002,NA
2024-03-08,-1.249,NA
2024-03-09,-1.2661,NA
2024-03-10,-1.6699,NA
2024-03-11,-0.919,NA
2024-03-12,-1.1181,NA
2024-03-13,-1.1829,NA
2024-03-14,-1.0269,NA
2024-03-15,-1.6848,NA
2024-03-16,-1.4428,NA
2024-03-17,-1.3584,NA
2024-03-18,-1.2147,NA
2024-03-19,-1.4482,NA
2024-03-20,-0.9279,NA
2024-03-21,-0.7888,NA
2024-03-22,-1.3369,NA
2024-03-23,-2.0856,NA
2024-03-24,-1.9815,NA
2024-03-25,-1.8354,NA
2024-03-26,-1.0563,NA
2024-03-27,-1.0256,NA
2024-03-28,-1.2451,NA
2024-03-29,-1.0639,NA
2024-03-30,-1.3422,NA
2024-03-31,-0.7787,NA
2024-04-01,-1.0206,NA
2024-10-01,-1.4301,NA
2024-10-02,-2.08,NA
2024-10-03,-1.7497,NA
2024-10-04,-1.1274,NA
2024-10-05,-1.6111,NA
2024-10-06,-2.1965,NA
2024-10-07,-1.839,NA
2024-10-08,-1.6258,NA
2024-10-09,-1.2375,NA
2024-10-10,-1.2369,NA
2024-10-11,-1.1126,NA
2024-10-12,-1.3616,NA
2024-10-13,-1.403,NA
2024-10-14,-0.7134,NA
2024-10-15,-0.725,NA
2024-10-16,-0.8775,NA
2024-10-17,-1.2078,NA
2024-10-18,-0.9466,NA
2024-10-19,-1.1928,NA
2024-10-20,-1.0015,NA
2024-10-21,-0.9885,NA
2024-10-22,-0.8477,NA
2024-10-23,-0.9017,NA
2024-10-24,-1.1054,NA
2024-10-25,-1.1301,NA
2024-10-26,-1.5905,NA
2024-10-27,-1.5091,NA
2024-10-28,-0.9386,NA
2024-10-29,-0.81,NA
2024-10-30,-0.9272,NA
2024-10-31,-0.6298,NA
2024-11-01,-0.9994,NA
2024-11-02,-1.1296,NA
2024-11-03,-0.973,NA
2024-11-04,-0.5132,NA
2024-11-05,-0.5656,NA
2024-11-06,-0.2916,NA
2024-11-07,-0.4305,NA
2024-11-08,-0.533,NA
2024-11-09,-0.924,NA
2024-11-10,-1.0336,NA
2024-11-11,-0.5494,NA
2024-11-12,-0.857,NA
2024-11-13,-0.3906,NA
2024-11-14,-0.7359,NA
2024-11-15,-0.648,NA
2024-11-16,-0.6246,NA
2024-11-17,-1.246,NA
2024-11-18,-0.7596,NA
2024-11-19,-1.1307,NA
2024-11-20,-0.9862,NA
2024-11-21,-1.1775,NA
2024-11-22,-1.3428,NA
2024-11-23,-0.9587,NA
2024-11-24,-1.0792,NA
2024-11-25,-0.7179,NA
2024-11-26,-1.1281,NA
2024-11-27,-1.3617,NA
2024-11-28,-1.0576,NA
2024-11-29,-0.926,NA
2024-11-30,-1.1137,NA
2024-12-01,-1.1848,NA
2024-12-02,-1.5432,NA
2024-12-03,-0.6568,NA
2024-12-04,-0.9225,NA
2024-12-05,-0.9682,NA
2024-12-06,-0.8838,NA
2024-12-07,-1.0696,NA
2024-12-08,-1.8746,NA
2024-12-09,-0.8851,NA
2024-12-10,-1.0526,NA
2024-12-11,-0.6634,NA
2024-12-12,-0.9998,NA
2024-12-13,-1.0083,NA
2024-12-14,-1.6046,NA
2024-12-15,-1.3486,NA
2024-12-16,-1.4592,NA
2024-12-17,-1.5935,NA
2024-12-18,-1.2,NA
2024-12-19,-1.3153,NA
2024-12-20,-1.2925,NA
2024-12-21,-1.0971,NA
2024-12-22,-0.6179,NA
2024-12-23,-2.0624,NA
2024-12-24,-1.3334,NA
2024-12-25,-2.0207,NA
2024-12-26,-1.1611,NA
2024-12-27,-1.3765,NA
2024-12-28,-1.6088,NA
2024-12-29,-2.1255,NA
2024-12-30,-0.4579,NA
2024-12-31,-1.0447,NA
2025-01-01,-1.7911,NA
2025-01-02,-2.103,NA
2025-01-03,-1.4309,NA
2025-01-04,-1.4461,NA
2025-01-05,-1.3105,NA
2025-01-06,-1.4044,NA
2025-01-07,-1.2156,NA
2025-01-08,-1.3272,NA
2025-01-09,-1.2953,NA
2025-01-10,-2.0519,NA
2025-01-11,-1.4633,NA
2025-01-12,-1.3983,NA
2025-01-13,-1.0433,NA
2025-01-14,-1.3348,NA
2025-01-15,-1.1988,NA
2025-01-16,-0.8875,NA
2025-01-17,-1.1205,NA
2025-01-18,-1,NA
2025-01-19,-1.1842,NA
2025-01-20,-0.5223,NA
2025-01-21,-0.9712,NA
2025-01-22,-1.4625,NA
2025-01-23,-1.2463,NA
2025-01-24,-1.4749,NA
2025-01-25,-1.5094,NA
2025-01-26,-2.3231,NA
2025-01-27,-1.7302,NA
2025-01-28,-1.3612,NA
2025-01-29,-1.4692,NA
2025-01-30,-1.8934,NA
2025-01-31,-1.4545,NA
2025-02-01,-1.7189,NA
2025-02-02,-1.5575,NA
2025-02-03,-1.1791,NA
2025-02-04,-1.2502,NA
2025-02-05,-1.4149,NA
2025-02-06,-1.2248000000000001,NA
2025-02-07,-1.2385,NA
2025-02-08,-1.3244,NA
2025-02-09,-1.239,NA
2025-02-10,-1.128,NA
2025-02-11,-1.6428,NA
2025-02-12,-1.2668,NA
2025-02-13,-1.0413,NA
2025-02-14,-1.3265,NA
2025-02-15,-1.9893,NA
2025-02-16,-1.2331,NA
2025-02-17,-1.2032,NA
2025-02-18,-1.2552,NA
2025-02-19,-1.4125,NA
2025-02-20,-1.0957,NA
2025-02-21,-1.525,NA
2025-02-22,-1.8001,NA
2025-02-23,-1.4296,NA
2025-02-24,-0.7689,NA
2025-02-25,-1.1786,NA
2025-02-26,-0.8702,NA
2025-02-27,-1.2254,NA
2025-02-28,-1.3439,NA
2025-03-01,-1.2231,NA
2025-03-02,-1.0959,NA
2025-03-03,-0.7434,NA
2025-03-04,-1.1525,NA
2025-03-05,-1.3053,NA
2025-03-06,-1.3253,NA
2025-03-07,-1.3605,NA
2025-03-08,-1.3865,NA
2025-03-09,-2.3273,NA
2025-03-10,-1.7647,NA
2025-03-11,-1.5208,NA
2025-03-12,-1.4587,NA
2025-03-13,-1.47,NA
2025-03-14,-1.6571,NA
2025-03-15,-2.0062,NA
2025-03-16,-2.4058,NA
2025-03-17,-1.5368,NA
2025-03-18,-1.5682,NA
2025-03-19,-1.8139,NA
2025-03-20,-1.4086,NA
2025-03-21,-1.5229,NA
2025-03-22,-1.6087,NA
2025-03-23,-1.9547,NA
2025-03-24,-1.6885,NA
2025-03-25,-1.389,NA
2025-03-26,-1.6911,NA
2025-03-27,-1.4863,NA
2025-03-28,-1.4989,NA
2025-03-29,-1.4617,NA
2025-03-30,-1.4632,NA
2025-03-31,-1.317,NA
2025-04-01,-1.4415,NA
2025-10-01,-1.5837,NA
2025-10-02,-1.2525,NA
2025-10-03,-1.634,NA
2025-10-04,-1.8207,NA
2025-10-05,-2.1044,NA
2025-10-06,-1.8048,NA
2025-10-07,-1.695,NA
2025-10-08,-1.4708,NA
2025-10-09,-1.2743,NA
2025-10-10,-1.5218,NA
2025-10-11,-1.6932,NA
2025-10-12,-2.4603,NA
2025-10-13,-1.0379,NA
2025-10-14,-1.2516,NA
2025-10-15,-1.1228,NA
2025-10-16,-1.1866,NA
2025-10-17,-1.9504,NA
2025-10-18,-2.147,NA
2025-10-19,-2.4691,NA
2025-10-20,-1.5053,NA
2025-10-21,-1.6062,NA
2025-10-22,-1.2121,NA
2025-10-23,-1.6988,NA
2025-10-24,-1.8534,NA
2025-10-25,-1.3677,NA
2025-10-26,-1.1509,NA
2025-10-27,-0.6282,NA
2025-10-28,-0.8702,NA
2025-10-29,-1.2529,NA
2025-10-30,-1.2334,NA
2025-10-31,-1.4036,NA
2025-11-01,-1.3926,NA
2025-11-02,-1.7251,NA
2025-11-03,-1.2935,NA
2025-11-04,-1.0018,NA
2025-11-05,-0.7098,NA
2025-11-06,-0.9311,NA
2025-11-07,-1.1861,NA
2025-11-08,-1.2537,NA
2025-11-09,-1.3785,NA
2025-11-10,-1.3407,NA
2025-11-11,-1.1139,NA
2025-11-12,-1.117,NA
2025-11-13,-1.1187,NA
2025-11-14,-1.3332,NA
2025-11-15,-1.6774,NA
2025-11-16,-1.6294,NA
2025-11-17,-1.3284,NA
2025-11-18,-1.0087,NA
2025-11-19,-0.9934,NA
2025-11-20,-1.2755,NA
2025-11-21,-1.4388,NA
2025-11-22,-1.4459,NA
2025-11-23,-1.7314,NA
2025-11-24,-1.594,NA
2025-11-25,-0.8787,NA
2025-11-26,-1.3109,NA
2025-11-27,-2.1019,NA
2025-11-28,-2.1698,NA
2025-11-29,-2.0026,NA
2025-11-30,-2.1545,NA
2025-12-01,-0.9392,NA
2025-12-02,-1.5411,NA
2025-12-03,-1.5281,NA
2025-12-04,-1.0143,NA
2025-12-05,-1.4803,NA
2025-12-06,-1.0646,NA
2025-12-07,-1.3678,NA
2025-12-08,-0.7501,NA
2025-12-09,-1.1877,NA
2025-12-10,-1.0348,NA
2025-12-11,-1.1556,NA
2025-12-12,-1.3607,NA
2025-12-13,-1.7308,NA
2025-12-14,-3.0381,NA
2025-12-15,-2.2691,NA
2025-12-16,-1.4823,NA
2025-12-17,-1.213,NA
2025-12-18,-0.961,NA
2025-12-19,-1.1129,NA
2025-12-20,-1.625,NA
2025-12-21,-1.6555,NA
2025-12-22,-1.4334,NA
2025-12-23,-1.4064,NA
2025-12-24,-1.6539,NA
2025-12-25,-1.0608,NA
2025-12-26,-1.2311,NA
2025-12-27,-1.8631,NA
2025-12-28,-1.544,NA
2025-12-29,-1.9491,NA
2025-12-30,-1.6677,NA
2025-12-31,-1.8067,NA
2026-01-01,-1.8552,NA
2026-01-02,-1.9915,NA
2026-01-03,-2.8251,NA
2026-01-04,-2.611,NA
2026-01-05,-2.2231,NA
2026-01-06,-1.6917,NA
2026-01-07,-1.0233,NA
2026-01-08,-1.9856,NA
2026-01-09,-2.1305,NA
2026-01-10,-1.7824,NA
2026-01-11,-2.4057,NA
2026-01-12,-2.3569,NA
2026-01-13,-2.0495,NA
2026-01-14,-1.8446,NA
2026-01-15,-1.6255,NA
2026-01-16,-1.0186,NA
2026-01-17,-2.0292,NA
2026-01-18,-2.3178,NA
2026-01-19,-1.6424,NA
2026-01-20,-1.1934,NA
2026-01-21,-1.5036,NA
2026-01-22,-1.4214,NA
2026-01-23,-1.6085,NA
2026-01-24,-2.4987,NA
2026-01-25,-2.7483,NA
2026-01-26,-2.0204,NA
2026-01-27,-2.1465,NA
2026-01-28,-1.9801,NA
2026-01-29,-1.4734,NA
2026-01-30,-1.8965,NA
2026-01-31,-1.99,NA
2026-02-01,-1.6882,NA
2026-02-02,-0.9613,NA
2026-02-03,-0.91,NA
2026-02-04,-1.5115,NA
2026-02-05,-1.2896,NA
2026-02-06,-1.4634,NA
2026-02-07,-1.2322,NA
2026-02-08,-1.1803,NA
2026-02-09,-0.9354,NA
2026-02-10,-1.0446,NA
2026-02-11,-1.2635,NA
2026-02-12,-1.3181,NA
2026-02-13,-0.8162,NA
2026-02-14,-2.0447,NA
2026-02-15,-1.3529,NA
2026-02-16,-0.8572,NA
2026-02-17,-0.8738,NA
2026-02-18,-0.6935,NA
2026-02-19,-1.106,NA
2026-02-20,-0.9708,NA
2026-02-21,-1.1064,NA
2026-02-22,-1.6224,NA
2026-02-23,-1.2092,NA
2026-02-24,-1.3596,NA
2026-02-25,-0.9945,NA
2026-02-26,-1.1793,NA
2026-02-27,-1.0062,NA
2026-02-28,-3.5738,NA
2026-03-01,-3.2424,NA
2026-03-02,-2.1191,NA
2026-03-03,-1.8115,NA
2026-03-04,-1.5848,NA
2026-03-05,-1.623,NA
2026-03-06,-1.4859,NA
2026-03-07,-2.0247,NA
2026-03-08,-2.0791,NA
2026-03-09,-2.3293,NA
2026-03-10,-1.7558,NA
2026-03-11,-1.6004,NA
2026-03-12,-1.6083,NA
2026-03-13,-1.881,NA
2026-03-14,-2.3492,NA
2026-03-15,-1.8447,NA
2026-03-16,-1.1831,NA
2026-03-17,-1.4254,NA
2026-03-18,-1.7154,NA
2026-03-19,-1.7255,NA
2026-03-20,-1.5342,NA
2026-03-21,-2.1117,NA
2026-03-22,-2.5663,NA
2026-03-23,-1.6759,NA
2026-03-24,-1.4646,NA
2026-03-25,-0.9402,NA
2026-03-26,-1.6148,NA
2026-03-27,-1.707,NA
2026-03-28,-1.9916,NA
2026-03-29,-1.9395,NA
2026-03-30,-1.5821,NA
2026-03-31,-1.2877,NA
2026-04-01,-1.0741,NA
2026-04-02,-1.464,NA
2026-04-03,-1.4947,NA
2026-04-04,-1.8772,NA
2026-04-05,-2.0329,NA
2026-04-06,-1.6144,NA
2026-04-07,-1.8449,NA
2026-04-08,-1.9297,NA
2026-04-09,-1.7324,NA
2026-04-10,-1.6276,NA
2026-04-11,-1.3728,NA
2026-04-12,-1.2901,NA
2026-04-13,-2.105,NA
2026-04-14,-1.6241,NA
2026-04-15,-1.3875,NA
2026-04-16,-1.4481,NA
2026-04-17,-1.097,NA
2026-04-18,-1.8029,NA
2026-04-19,-2.3164,NA
2026-04-20,-3.2352,NA
2026-04-21,-2.1303,NA
2026-04-22,-2.2172,NA
2026-04-23,-1.8491,NA
2026-04-24,-1.1218,NA
2026-04-25,-0.5941,NA
2026-04-26,-2.2344,NA
2026-04-27,-2.9631,NA
2026-04-28,-2.6593,NA
2026-04-29,-2.238,NA
